Comp,BID,anis_true,anis_pred,anis_std
0.1,0.2,0.164754284,0.3358378505872679,0.013624966382970975
0.1,0.2,0.43465433,0.3358378505872679,0.013624966382970975
0.1,0.2,0.152513506,0.3358378505872679,0.013624966382970975
0.1,0.2,0.103076927,0.3358378505872679,0.013624966382970975
0.1,0.2,0.154234576,0.3358378505872679,0.013624966382970975
0.1,0.2,0.111229934,0.3358378505872679,0.013624966382970975
0.1,0.2,0.413004161,0.3358378505872679,0.013624966382970975
0.1,0.2,0.381140397,0.3358378505872679,0.013624966382970975
0.1,0.2,0.433543633,0.3358378505872679,0.013624966382970975
0.1,0.2,0.421546302,0.3358378505872679,0.013624966382970975
0.1,0.2,0.221444813,0.3358378505872679,0.013624966382970975
0.1,0.2,0.436642461,0.3358378505872679,0.013624966382970975
0.1,0.2,0.261082656,0.3358378505872679,0.013624966382970975
0.1,0.2,0.306564498,0.3358378505872679,0.013624966382970975
0.1,0.2,0.298990894,0.3358378505872679,0.013624966382970975
0.1,0.2,0.243063164,0.3358378505872679,0.013624966382970975
0.1,0.2,0.479287808,0.3358378505872679,0.013624966382970975
0.1,0.2,0.393227519,0.3358378505872679,0.013624966382970975
0.1,0.2,0.350959946,0.3358378505872679,0.013624966382970975
0.1,0.2,0.227462996,0.3358378505872679,0.013624966382970975
0.1,0.2,0.354845835,0.3358378505872679,0.013624966382970975
0.1,0.2,0.436219092,0.3358378505872679,0.013624966382970975
0.1,0.2,0.236293409,0.3358378505872679,0.013624966382970975
0.1,0.2,0.437090654,0.3358378505872679,0.013624966382970975
0.1,0.4,0.311641025,0.3209177916724002,0.014300188048240056
0.1,0.4,0.32814855,0.3209177916724002,0.014300188048240056
0.1,0.4,0.300993519,0.3209177916724002,0.014300188048240056
0.1,0.4,0.360525619,0.3209177916724002,0.014300188048240056
0.1,0.4,0.379211699,0.3209177916724002,0.014300188048240056
0.1,0.4,0.230759951,0.3209177916724002,0.014300188048240056
0.1,0.4,0.374256504,0.3209177916724002,0.014300188048240056
0.1,0.4,0.301906541,0.3209177916724002,0.014300188048240056
0.1,0.4,0.281381678,0.3209177916724002,0.014300188048240056
0.1,0.4,0.320000029,0.3209177916724002,0.014300188048240056
0.1,0.4,0.244998764,0.3209177916724002,0.014300188048240056
0.1,0.4,0.305102101,0.3209177916724002,0.014300188048240056
0.1,0.4,0.285007505,0.3209177916724002,0.014300188048240056
0.1,0.4,0.348967875,0.3209177916724002,0.014300188048240056
0.1,0.4,0.259530117,0.3209177916724002,0.014300188048240056
0.1,0.4,0.281413816,0.3209177916724002,0.014300188048240056
0.1,0.4,0.252103151,0.3209177916724002,0.014300188048240056
0.1,0.4,0.292827012,0.3209177916724002,0.014300188048240056
0.1,0.4,0.331829064,0.3209177916724002,0.014300188048240056
0.1,0.4,0.317885912,0.3209177916724002,0.014300188048240056
0.1,0.4,0.374169125,0.3209177916724002,0.014300188048240056
0.1,0.4,0.425898222,0.3209177916724002,0.014300188048240056
0.1,0.4,0.276147533,0.3209177916724002,0.014300188048240056
0.1,0.4,0.272158177,0.3209177916724002,0.014300188048240056
0.1,0.6,0.149064476,0.34316442292401916,0.015553877797563514
0.1,0.6,0.437404584,0.34316442292401916,0.015553877797563514
0.1,0.6,0.225452567,0.34316442292401916,0.015553877797563514
0.1,0.6,0.228984993,0.34316442292401916,0.015553877797563514
0.1,0.6,0.303064055,0.34316442292401916,0.015553877797563514
0.1,0.6,0.231164648,0.34316442292401916,0.015553877797563514
0.1,0.6,0.208425517,0.34316442292401916,0.015553877797563514
0.1,0.6,0.365655878,0.34316442292401916,0.015553877797563514
0.1,0.6,0.422161498,0.34316442292401916,0.015553877797563514
0.1,0.6,0.419144967,0.34316442292401916,0.015553877797563514
0.1,0.6,0.440618338,0.34316442292401916,0.015553877797563514
0.1,0.6,0.19651055,0.34316442292401916,0.015553877797563514
0.1,0.6,0.446737463,0.34316442292401916,0.015553877797563514
0.1,0.6,0.380877883,0.34316442292401916,0.015553877797563514
0.1,0.6,0.165020279,0.34316442292401916,0.015553877797563514
0.1,0.6,0.440703588,0.34316442292401916,0.015553877797563514
0.1,0.6,0.349407926,0.34316442292401916,0.015553877797563514
0.1,0.6,0.38220566,0.34316442292401916,0.015553877797563514
0.1,0.6,0.191547753,0.34316442292401916,0.015553877797563514
0.1,0.6,0.160878638,0.34316442292401916,0.015553877797563514
0.1,0.6,0.375039426,0.34316442292401916,0.015553877797563514
0.1,0.6,0.23648373,0.34316442292401916,0.015553877797563514
0.1,0.6,0.466743076,0.34316442292401916,0.015553877797563514
0.1,0.6,0.320078938,0.34316442292401916,0.015553877797563514
0.1,0.6,0.383710011,0.32065426473127445,0.01347170873926768
0.1,0.6,0.258178526,0.32065426473127445,0.01347170873926768
0.1,0.6,0.25465056,0.32065426473127445,0.01347170873926768
0.1,0.6,0.351388167,0.32065426473127445,0.01347170873926768
0.1,0.6,0.220090857,0.32065426473127445,0.01347170873926768
0.1,0.6,0.487463956,0.32065426473127445,0.01347170873926768
0.1,0.6,0.397759649,0.32065426473127445,0.01347170873926768
0.1,0.6,0.187552937,0.32065426473127445,0.01347170873926768
0.1,0.6,0.457551029,0.32065426473127445,0.01347170873926768
0.1,0.6,0.463537658,0.32065426473127445,0.01347170873926768
0.1,0.6,0.267669928,0.32065426473127445,0.01347170873926768
0.1,0.6,0.41954788,0.32065426473127445,0.01347170873926768
0.1,0.6,0.398663406,0.32065426473127445,0.01347170873926768
0.1,0.6,0.434194909,0.32065426473127445,0.01347170873926768
0.1,0.6,0.367157331,0.32065426473127445,0.01347170873926768
0.1,0.6,0.481015571,0.32065426473127445,0.01347170873926768
0.1,0.6,0.209689231,0.32065426473127445,0.01347170873926768
0.1,0.6,0.473170764,0.32065426473127445,0.01347170873926768
0.1,0.6,0.43423452,0.32065426473127445,0.01347170873926768
0.1,0.6,0.415680735,0.32065426473127445,0.01347170873926768
0.1,0.6,0.184473143,0.32065426473127445,0.01347170873926768
0.1,0.6,0.134677098,0.32065426473127445,0.01347170873926768
0.1,0.6,0.243165221,0.32065426473127445,0.01347170873926768
0.1,0.6,0.431655128,0.32065426473127445,0.01347170873926768
0.1,0.6,0.260263074,0.3006681951301289,0.015715606946118166
0.1,0.6,0.297108935,0.3006681951301289,0.015715606946118166
0.1,0.6,0.132409503,0.3006681951301289,0.015715606946118166
0.1,0.6,0.139958777,0.3006681951301289,0.015715606946118166
0.1,0.6,0.283072118,0.3006681951301289,0.015715606946118166
0.1,0.6,0.342892544,0.3006681951301289,0.015715606946118166
0.1,0.6,0.464380971,0.3006681951301289,0.015715606946118166
0.1,0.6,0.438689389,0.3006681951301289,0.015715606946118166
0.1,0.6,0.177752436,0.3006681951301289,0.015715606946118166
0.1,0.6,0.414350385,0.3006681951301289,0.015715606946118166
0.1,0.6,0.296351014,0.3006681951301289,0.015715606946118166
0.1,0.6,0.335989529,0.3006681951301289,0.015715606946118166
0.1,0.6,0.233671374,0.3006681951301289,0.015715606946118166
0.1,0.6,0.415794952,0.3006681951301289,0.015715606946118166
0.1,0.6,0.20318947,0.3006681951301289,0.015715606946118166
0.1,0.6,0.431133107,0.3006681951301289,0.015715606946118166
0.1,0.6,0.37985307,0.3006681951301289,0.015715606946118166
0.1,0.6,0.160025934,0.3006681951301289,0.015715606946118166
0.1,0.6,0.279717445,0.3006681951301289,0.015715606946118166
0.1,0.6,0.229352428,0.3006681951301289,0.015715606946118166
0.1,0.6,0.294912443,0.3006681951301289,0.015715606946118166
0.1,0.6,0.309490926,0.3006681951301289,0.015715606946118166
0.1,0.6,0.458264729,0.3006681951301289,0.015715606946118166
0.1,0.6,0.430505184,0.3006681951301289,0.015715606946118166
0.1,0.8,0.378699197,0.34178837249965,0.015348956506186113
0.1,0.8,0.368870284,0.34178837249965,0.015348956506186113
0.1,0.8,0.467939009,0.34178837249965,0.015348956506186113
0.1,0.8,0.178650099,0.34178837249965,0.015348956506186113
0.1,0.8,0.13457859,0.34178837249965,0.015348956506186113
0.1,0.8,0.250688783,0.34178837249965,0.015348956506186113
0.1,0.8,0.475931962,0.34178837249965,0.015348956506186113
0.1,0.8,0.386058233,0.34178837249965,0.015348956506186113
0.1,0.8,0.447682541,0.34178837249965,0.015348956506186113
0.1,0.8,0.413536056,0.34178837249965,0.015348956506186113
0.1,0.8,0.399329222,0.34178837249965,0.015348956506186113
0.1,0.8,0.39374076,0.34178837249965,0.015348956506186113
0.1,0.8,0.351193938,0.34178837249965,0.015348956506186113
0.1,0.8,0.295380329,0.34178837249965,0.015348956506186113
0.1,0.8,0.216838516,0.34178837249965,0.015348956506186113
0.1,0.8,0.389028274,0.34178837249965,0.015348956506186113
0.1,0.8,0.395909274,0.34178837249965,0.015348956506186113
0.1,0.8,0.303638314,0.34178837249965,0.015348956506186113
0.1,0.8,0.239905526,0.34178837249965,0.015348956506186113
0.1,0.8,0.415267983,0.34178837249965,0.015348956506186113
0.1,0.8,0.448837418,0.34178837249965,0.015348956506186113
0.1,0.8,0.387420728,0.34178837249965,0.015348956506186113
0.1,0.8,0.392676167,0.34178837249965,0.015348956506186113
0.1,0.8,0.389602757,0.34178837249965,0.015348956506186113
0.1,0.8,0.407633456,0.3067890772163082,0.01657330043900854
0.1,0.8,0.151912244,0.3067890772163082,0.01657330043900854
0.1,0.8,0.397357363,0.3067890772163082,0.01657330043900854
0.1,0.8,0.381242873,0.3067890772163082,0.01657330043900854
0.1,0.8,0.161178358,0.3067890772163082,0.01657330043900854
0.1,0.8,0.148340828,0.3067890772163082,0.01657330043900854
0.1,0.8,0.144108829,0.3067890772163082,0.01657330043900854
0.1,0.8,0.144674646,0.3067890772163082,0.01657330043900854
0.1,0.8,0.378978784,0.3067890772163082,0.01657330043900854
0.1,0.8,0.222652376,0.3067890772163082,0.01657330043900854
0.1,0.8,0.284921647,0.3067890772163082,0.01657330043900854
0.1,0.8,0.221993622,0.3067890772163082,0.01657330043900854
0.1,0.8,0.405273842,0.3067890772163082,0.01657330043900854
0.1,0.8,0.16355574,0.3067890772163082,0.01657330043900854
0.1,0.8,0.229815085,0.3067890772163082,0.01657330043900854
0.1,0.8,0.212948619,0.3067890772163082,0.01657330043900854
0.1,0.8,0.400510089,0.3067890772163082,0.01657330043900854
0.1,0.8,0.416752164,0.3067890772163082,0.01657330043900854
0.1,0.8,0.378859606,0.3067890772163082,0.01657330043900854
0.1,0.8,0.211614421,0.3067890772163082,0.01657330043900854
0.1,0.8,0.150098837,0.3067890772163082,0.01657330043900854
0.1,0.8,0.408505647,0.3067890772163082,0.01657330043900854
0.1,0.8,0.428177701,0.3067890772163082,0.01657330043900854
0.1,0.8,0.163749325,0.3067890772163082,0.01657330043900854
0.15,0.2,0.357042633,0.31366698861711484,0.01686926691643167
0.15,0.2,0.133568911,0.31366698861711484,0.01686926691643167
0.15,0.2,0.358838876,0.31366698861711484,0.01686926691643167
0.15,0.2,0.197510717,0.31366698861711484,0.01686926691643167
0.15,0.2,0.274648722,0.31366698861711484,0.01686926691643167
0.15,0.2,0.3919628,0.31366698861711484,0.01686926691643167
0.15,0.2,0.296733427,0.31366698861711484,0.01686926691643167
0.15,0.2,0.160414432,0.31366698861711484,0.01686926691643167
0.15,0.2,0.228535672,0.31366698861711484,0.01686926691643167
0.15,0.2,0.208355945,0.31366698861711484,0.01686926691643167
0.15,0.2,0.162463244,0.31366698861711484,0.01686926691643167
0.15,0.2,0.221387464,0.31366698861711484,0.01686926691643167
0.15,0.2,0.334789899,0.31366698861711484,0.01686926691643167
0.15,0.2,0.312978353,0.31366698861711484,0.01686926691643167
0.15,0.2,0.240156482,0.31366698861711484,0.01686926691643167
0.15,0.2,0.196267055,0.31366698861711484,0.01686926691643167
0.15,0.2,0.126910099,0.31366698861711484,0.01686926691643167
0.15,0.2,0.346730728,0.31366698861711484,0.01686926691643167
0.15,0.2,0.123270932,0.31366698861711484,0.01686926691643167
0.15,0.2,0.154159149,0.31366698861711484,0.01686926691643167
0.15,0.2,0.123636213,0.31366698861711484,0.01686926691643167
0.15,0.2,0.170538512,0.31366698861711484,0.01686926691643167
0.15,0.2,0.441911715,0.31366698861711484,0.01686926691643167
0.15,0.2,0.160321333,0.31366698861711484,0.01686926691643167
0.15,0.4,0.317773689,0.30567639071705344,0.017472902467798937
0.15,0.4,0.275830262,0.30567639071705344,0.017472902467798937
0.15,0.4,0.348183838,0.30567639071705344,0.017472902467798937
0.15,0.4,0.260670242,0.30567639071705344,0.017472902467798937
0.15,0.4,0.354152042,0.30567639071705344,0.017472902467798937
0.15,0.4,0.185069298,0.30567639071705344,0.017472902467798937
0.15,0.4,0.323528754,0.30567639071705344,0.017472902467798937
0.15,0.4,0.354220273,0.30567639071705344,0.017472902467798937
0.15,0.4,0.276058284,0.30567639071705344,0.017472902467798937
0.15,0.4,0.211285305,0.30567639071705344,0.017472902467798937
0.15,0.4,0.186101825,0.30567639071705344,0.017472902467798937
0.15,0.4,0.157036355,0.30567639071705344,0.017472902467798937
0.15,0.4,0.283598759,0.30567639071705344,0.017472902467798937
0.15,0.4,0.209139549,0.30567639071705344,0.017472902467798937
0.15,0.4,0.259430465,0.30567639071705344,0.017472902467798937
0.15,0.4,0.345266004,0.30567639071705344,0.017472902467798937
0.15,0.4,0.211851551,0.30567639071705344,0.017472902467798937
0.15,0.4,0.213552622,0.30567639071705344,0.017472902467798937
0.15,0.4,0.359882296,0.30567639071705344,0.017472902467798937
0.15,0.4,0.211200755,0.30567639071705344,0.017472902467798937
0.15,0.4,0.231785105,0.30567639071705344,0.017472902467798937
0.15,0.4,0.235988015,0.30567639071705344,0.017472902467798937
0.15,0.4,0.133847667,0.30567639071705344,0.017472902467798937
0.15,0.4,0.342938419,0.30567639071705344,0.017472902467798937
0.15,0.4,0.36670627,0.3470567400800064,0.01834197096432314
0.15,0.4,0.209673758,0.3470567400800064,0.01834197096432314
0.15,0.4,0.432536654,0.3470567400800064,0.01834197096432314
0.15,0.4,0.294028051,0.3470567400800064,0.01834197096432314
0.15,0.4,0.219841263,0.3470567400800064,0.01834197096432314
0.15,0.4,0.205230602,0.3470567400800064,0.01834197096432314
0.15,0.4,0.435330182,0.3470567400800064,0.01834197096432314
0.15,0.4,0.147662494,0.3470567400800064,0.01834197096432314
0.15,0.4,0.274362332,0.3470567400800064,0.01834197096432314
0.15,0.4,0.205710889,0.3470567400800064,0.01834197096432314
0.15,0.4,0.412986382,0.3470567400800064,0.01834197096432314
0.15,0.4,0.371303183,0.3470567400800064,0.01834197096432314
0.15,0.4,0.552048016,0.3470567400800064,0.01834197096432314
0.15,0.4,0.152632718,0.3470567400800064,0.01834197096432314
0.15,0.4,0.358356072,0.3470567400800064,0.01834197096432314
0.15,0.4,0.514177506,0.3470567400800064,0.01834197096432314
0.15,0.4,0.375759006,0.3470567400800064,0.01834197096432314
0.15,0.4,0.502903634,0.3470567400800064,0.01834197096432314
0.15,0.4,0.251661092,0.3470567400800064,0.01834197096432314
0.15,0.4,0.171662227,0.3470567400800064,0.01834197096432314
0.15,0.4,0.243728221,0.3470567400800064,0.01834197096432314
0.15,0.4,0.188370344,0.3470567400800064,0.01834197096432314
0.15,0.4,0.459225449,0.3470567400800064,0.01834197096432314
0.15,0.4,0.166998278,0.3470567400800064,0.01834197096432314
0.15,0.4,0.316439408,0.3420850049969886,0.016533175471176765
0.15,0.4,0.272658482,0.3420850049969886,0.016533175471176765
0.15,0.4,0.256768674,0.3420850049969886,0.016533175471176765
0.15,0.4,0.322280268,0.3420850049969886,0.016533175471176765
0.15,0.4,0.432138257,0.3420850049969886,0.016533175471176765
0.15,0.4,0.246131395,0.3420850049969886,0.016533175471176765
0.15,0.4,0.404715377,0.3420850049969886,0.016533175471176765
0.15,0.4,0.400799487,0.3420850049969886,0.016533175471176765
0.15,0.4,0.243926598,0.3420850049969886,0.016533175471176765
0.15,0.4,0.375352589,0.3420850049969886,0.016533175471176765
0.15,0.4,0.236483945,0.3420850049969886,0.016533175471176765
0.15,0.4,0.236283447,0.3420850049969886,0.016533175471176765
0.15,0.4,0.272926492,0.3420850049969886,0.016533175471176765
0.15,0.4,0.312140864,0.3420850049969886,0.016533175471176765
0.15,0.4,0.224091712,0.3420850049969886,0.016533175471176765
0.15,0.4,0.155574131,0.3420850049969886,0.016533175471176765
0.15,0.4,0.268455824,0.3420850049969886,0.016533175471176765
0.15,0.4,0.197498802,0.3420850049969886,0.016533175471176765
0.15,0.4,0.295172001,0.3420850049969886,0.016533175471176765
0.15,0.4,0.378953949,0.3420850049969886,0.016533175471176765
0.15,0.4,0.405724501,0.3420850049969886,0.016533175471176765
0.15,0.4,0.256780972,0.3420850049969886,0.016533175471176765
0.15,0.4,0.411578488,0.3420850049969886,0.016533175471176765
0.15,0.4,0.264852855,0.3420850049969886,0.016533175471176765
0.15,0.6,0.243581327,0.32321572835644474,0.019503735444255012
0.15,0.6,0.468613908,0.32321572835644474,0.019503735444255012
0.15,0.6,0.203977676,0.32321572835644474,0.019503735444255012
0.15,0.6,0.257137137,0.32321572835644474,0.019503735444255012
0.15,0.6,0.245998001,0.32321572835644474,0.019503735444255012
0.15,0.6,0.26315276,0.32321572835644474,0.019503735444255012
0.15,0.6,0.097979013,0.32321572835644474,0.019503735444255012
0.15,0.6,0.289605659,0.32321572835644474,0.019503735444255012
0.15,0.6,0.268193947,0.32321572835644474,0.019503735444255012
0.15,0.6,0.247601559,0.32321572835644474,0.019503735444255012
0.15,0.6,0.347101389,0.32321572835644474,0.019503735444255012
0.15,0.6,0.434481237,0.32321572835644474,0.019503735444255012
0.15,0.6,0.323967247,0.32321572835644474,0.019503735444255012
0.15,0.6,0.368682815,0.32321572835644474,0.019503735444255012
0.15,0.6,0.281533174,0.32321572835644474,0.019503735444255012
0.15,0.6,0.419552609,0.32321572835644474,0.019503735444255012
0.15,0.6,0.126798238,0.32321572835644474,0.019503735444255012
0.15,0.6,0.319496691,0.32321572835644474,0.019503735444255012
0.15,0.6,0.476039722,0.32321572835644474,0.019503735444255012
0.15,0.6,0.385930228,0.32321572835644474,0.019503735444255012
0.15,0.6,0.435281644,0.32321572835644474,0.019503735444255012
0.15,0.6,0.280517454,0.32321572835644474,0.019503735444255012
0.15,0.6,0.193670006,0.32321572835644474,0.019503735444255012
0.15,0.6,0.285931002,0.32321572835644474,0.019503735444255012
0.15,0.6,0.31002112,0.32720959354628576,0.017462852721208295
0.15,0.6,0.295972295,0.32720959354628576,0.017462852721208295
0.15,0.6,0.205002035,0.32720959354628576,0.017462852721208295
0.15,0.6,0.378275421,0.32720959354628576,0.017462852721208295
0.15,0.6,0.233276033,0.32720959354628576,0.017462852721208295
0.15,0.6,0.098746291,0.32720959354628576,0.017462852721208295
0.15,0.6,0.375158959,0.32720959354628576,0.017462852721208295
0.15,0.6,0.264180024,0.32720959354628576,0.017462852721208295
0.15,0.6,0.38102685,0.32720959354628576,0.017462852721208295
0.15,0.6,0.402105546,0.32720959354628576,0.017462852721208295
0.15,0.6,0.176092373,0.32720959354628576,0.017462852721208295
0.15,0.6,0.144929508,0.32720959354628576,0.017462852721208295
0.15,0.6,0.38541491,0.32720959354628576,0.017462852721208295
0.15,0.6,0.183670341,0.32720959354628576,0.017462852721208295
0.15,0.6,0.240828823,0.32720959354628576,0.017462852721208295
0.15,0.6,0.392222449,0.32720959354628576,0.017462852721208295
0.15,0.6,0.181399515,0.32720959354628576,0.017462852721208295
0.15,0.6,0.357694948,0.32720959354628576,0.017462852721208295
0.15,0.6,0.113819778,0.32720959354628576,0.017462852721208295
0.15,0.6,0.30087147,0.32720959354628576,0.017462852721208295
0.15,0.6,0.330186123,0.32720959354628576,0.017462852721208295
0.15,0.6,0.255823073,0.32720959354628576,0.017462852721208295
0.15,0.6,0.128439171,0.32720959354628576,0.017462852721208295
0.15,0.6,0.28527085,0.32720959354628576,0.017462852721208295
0.15,0.8,0.384997904,0.2577642942960665,0.021562765853613768
0.15,0.8,0.214184681,0.2577642942960665,0.021562765853613768
0.15,0.8,0.436114057,0.2577642942960665,0.021562765853613768
0.15,0.8,0.339850519,0.2577642942960665,0.021562765853613768
0.15,0.8,0.121584802,0.2577642942960665,0.021562765853613768
0.15,0.8,0.469982975,0.2577642942960665,0.021562765853613768
0.15,0.8,0.360812799,0.2577642942960665,0.021562765853613768
0.15,0.8,0.364539565,0.2577642942960665,0.021562765853613768
0.15,0.8,0.25783574,0.2577642942960665,0.021562765853613768
0.15,0.8,0.43049271,0.2577642942960665,0.021562765853613768
0.15,0.8,0.383114821,0.2577642942960665,0.021562765853613768
0.15,0.8,0.365938966,0.2577642942960665,0.021562765853613768
0.15,0.8,0.401667171,0.2577642942960665,0.021562765853613768
0.15,0.8,0.430616822,0.2577642942960665,0.021562765853613768
0.15,0.8,0.408938348,0.2577642942960665,0.021562765853613768
0.15,0.8,0.27572778,0.2577642942960665,0.021562765853613768
0.15,0.8,0.397405605,0.2577642942960665,0.021562765853613768
0.15,0.8,0.456156199,0.2577642942960665,0.021562765853613768
0.15,0.8,0.328716463,0.2577642942960665,0.021562765853613768
0.15,0.8,0.334021751,0.2577642942960665,0.021562765853613768
0.15,0.8,0.27304044,0.2577642942960665,0.021562765853613768
0.15,0.8,0.459772708,0.2577642942960665,0.021562765853613768
0.15,0.8,0.323869109,0.2577642942960665,0.021562765853613768
0.15,0.8,0.392365722,0.2577642942960665,0.021562765853613768
0.2,0.4,0.194981812,0.31780883042483765,0.017716486283833058
0.2,0.4,0.282095507,0.31780883042483765,0.017716486283833058
0.2,0.4,0.493449055,0.31780883042483765,0.017716486283833058
0.2,0.4,0.228091087,0.31780883042483765,0.017716486283833058
0.2,0.4,0.230483289,0.31780883042483765,0.017716486283833058
0.2,0.4,0.424553325,0.31780883042483765,0.017716486283833058
0.2,0.4,0.265997697,0.31780883042483765,0.017716486283833058
0.2,0.4,0.352542384,0.31780883042483765,0.017716486283833058
0.2,0.4,0.134021394,0.31780883042483765,0.017716486283833058
0.2,0.4,0.181025883,0.31780883042483765,0.017716486283833058
0.2,0.4,0.454855974,0.31780883042483765,0.017716486283833058
0.2,0.4,0.196316573,0.31780883042483765,0.017716486283833058
0.2,0.4,0.202755967,0.31780883042483765,0.017716486283833058
0.2,0.4,0.458416684,0.31780883042483765,0.017716486283833058
0.2,0.4,0.429304311,0.31780883042483765,0.017716486283833058
0.2,0.4,0.176919342,0.31780883042483765,0.017716486283833058
0.2,0.4,0.414458515,0.31780883042483765,0.017716486283833058
0.2,0.4,0.23950518,0.31780883042483765,0.017716486283833058
0.2,0.4,0.467558691,0.31780883042483765,0.017716486283833058
0.2,0.4,0.259909408,0.31780883042483765,0.017716486283833058
0.2,0.4,0.292182133,0.31780883042483765,0.017716486283833058
0.2,0.4,0.426091458,0.31780883042483765,0.017716486283833058
0.2,0.4,0.347950931,0.31780883042483765,0.017716486283833058
0.2,0.4,0.329476395,0.31780883042483765,0.017716486283833058
0.2,0.6,0.278912294,0.3064035756960948,0.01933859208496305
0.2,0.6,0.197823846,0.3064035756960948,0.01933859208496305
0.2,0.6,0.226370384,0.3064035756960948,0.01933859208496305
0.2,0.6,0.389859453,0.3064035756960948,0.01933859208496305
0.2,0.6,0.146021719,0.3064035756960948,0.01933859208496305
0.2,0.6,0.303578123,0.3064035756960948,0.01933859208496305
0.2,0.6,0.23305353,0.3064035756960948,0.01933859208496305
0.2,0.6,0.376566401,0.3064035756960948,0.01933859208496305
0.2,0.6,0.183135845,0.3064035756960948,0.01933859208496305
0.2,0.6,0.22124507,0.3064035756960948,0.01933859208496305
0.2,0.6,0.147229959,0.3064035756960948,0.01933859208496305
0.2,0.6,0.393219291,0.3064035756960948,0.01933859208496305
0.2,0.6,0.11387323,0.3064035756960948,0.01933859208496305
0.2,0.6,0.288201952,0.3064035756960948,0.01933859208496305
0.2,0.6,0.269673432,0.3064035756960948,0.01933859208496305
0.2,0.6,0.267861001,0.3064035756960948,0.01933859208496305
0.2,0.6,0.275179661,0.3064035756960948,0.01933859208496305
0.2,0.6,0.342200864,0.3064035756960948,0.01933859208496305
0.2,0.6,0.207706942,0.3064035756960948,0.01933859208496305
0.2,0.6,0.168268421,0.3064035756960948,0.01933859208496305
0.2,0.6,0.318076001,0.3064035756960948,0.01933859208496305
0.2,0.6,0.446554523,0.3064035756960948,0.01933859208496305
0.2,0.6,0.34669148,0.3064035756960948,0.01933859208496305
0.2,0.6,0.304365051,0.3064035756960948,0.01933859208496305
0.2,0.8,0.452716648,0.28426978444258566,0.02131764059145361
0.2,0.8,0.168590233,0.28426978444258566,0.02131764059145361
0.2,0.8,0.328964619,0.28426978444258566,0.02131764059145361
0.2,0.8,0.298497724,0.28426978444258566,0.02131764059145361
0.2,0.8,0.088580342,0.28426978444258566,0.02131764059145361
0.2,0.8,0.221293502,0.28426978444258566,0.02131764059145361
0.2,0.8,0.154969993,0.28426978444258566,0.02131764059145361
0.2,0.8,0.323797703,0.28426978444258566,0.02131764059145361
0.2,0.8,0.480804599,0.28426978444258566,0.02131764059145361
0.2,0.8,0.421349699,0.28426978444258566,0.02131764059145361
0.2,0.8,0.38720234,0.28426978444258566,0.02131764059145361
0.2,0.8,0.175440258,0.28426978444258566,0.02131764059145361
0.2,0.8,0.46548643,0.28426978444258566,0.02131764059145361
0.2,0.8,0.183906347,0.28426978444258566,0.02131764059145361
0.2,0.8,0.32027899,0.28426978444258566,0.02131764059145361
0.2,0.8,0.282599091,0.28426978444258566,0.02131764059145361
0.2,0.8,0.257802329,0.28426978444258566,0.02131764059145361
0.2,0.8,0.409534715,0.28426978444258566,0.02131764059145361
0.2,0.8,0.114615905,0.28426978444258566,0.02131764059145361
0.2,0.8,0.142388651,0.28426978444258566,0.02131764059145361
0.2,0.8,0.330273528,0.28426978444258566,0.02131764059145361
0.2,0.8,0.393708326,0.28426978444258566,0.02131764059145361
0.2,0.8,0.331240106,0.28426978444258566,0.02131764059145361
0.2,0.8,0.377663404,0.28426978444258566,0.02131764059145361
0.2,0.8,0.263628675,0.2824538414079143,0.020921009115288165
0.2,0.8,0.425790462,0.2824538414079143,0.020921009115288165
0.2,0.8,0.396858594,0.2824538414079143,0.020921009115288165
0.2,0.8,0.130432844,0.2824538414079143,0.020921009115288165
0.2,0.8,0.095604019,0.2824538414079143,0.020921009115288165
0.2,0.8,0.285593039,0.2824538414079143,0.020921009115288165
0.2,0.8,0.435741358,0.2824538414079143,0.020921009115288165
0.2,0.8,0.37325198,0.2824538414079143,0.020921009115288165
0.2,0.8,0.434742396,0.2824538414079143,0.020921009115288165
0.2,0.8,0.147487841,0.2824538414079143,0.020921009115288165
0.2,0.8,0.437621447,0.2824538414079143,0.020921009115288165
0.2,0.8,0.289514966,0.2824538414079143,0.020921009115288165
0.2,0.8,0.326312813,0.2824538414079143,0.020921009115288165
0.2,0.8,0.354145293,0.2824538414079143,0.020921009115288165
0.2,0.8,0.37931988,0.2824538414079143,0.020921009115288165
0.2,0.8,0.423841527,0.2824538414079143,0.020921009115288165
0.2,0.8,0.367371612,0.2824538414079143,0.020921009115288165
0.2,0.8,0.361731389,0.2824538414079143,0.020921009115288165
0.2,0.8,0.213380692,0.2824538414079143,0.020921009115288165
0.2,0.8,0.224722608,0.2824538414079143,0.020921009115288165
0.2,0.8,0.405467329,0.2824538414079143,0.020921009115288165
0.2,0.8,0.389708743,0.2824538414079143,0.020921009115288165
0.2,0.8,0.330508864,0.2824538414079143,0.020921009115288165
0.2,0.8,0.318768,0.2824538414079143,0.020921009115288165
0.2,0.8,0.323724906,0.30163929745322093,0.023938110194044338
0.2,0.8,0.149519256,0.30163929745322093,0.023938110194044338
0.2,0.8,0.570303389,0.30163929745322093,0.023938110194044338
0.2,0.8,0.542915514,0.30163929745322093,0.023938110194044338
0.2,0.8,0.299523116,0.30163929745322093,0.023938110194044338
0.2,0.8,0.21770647,0.30163929745322093,0.023938110194044338
0.2,0.8,0.553526698,0.30163929745322093,0.023938110194044338
0.2,0.8,0.56574296,0.30163929745322093,0.023938110194044338
0.2,0.8,0.578667397,0.30163929745322093,0.023938110194044338
0.2,0.8,0.14748783,0.30163929745322093,0.023938110194044338
0.2,0.8,0.125881858,0.30163929745322093,0.023938110194044338
0.2,0.8,0.57168326,0.30163929745322093,0.023938110194044338
0.2,0.8,0.582999999,0.30163929745322093,0.023938110194044338
0.2,0.8,0.550176901,0.30163929745322093,0.023938110194044338
0.2,0.8,0.575216428,0.30163929745322093,0.023938110194044338
0.2,0.8,0.552754789,0.30163929745322093,0.023938110194044338
0.2,0.8,0.540307767,0.30163929745322093,0.023938110194044338
0.2,0.8,0.137411122,0.30163929745322093,0.023938110194044338
0.2,0.8,0.580053652,0.30163929745322093,0.023938110194044338
0.2,0.8,0.564840616,0.30163929745322093,0.023938110194044338
0.2,0.8,0.258449045,0.30163929745322093,0.023938110194044338
0.2,0.8,0.589855222,0.30163929745322093,0.023938110194044338
0.2,0.8,0.177408732,0.30163929745322093,0.023938110194044338
0.2,0.8,0.551145355,0.30163929745322093,0.023938110194044338
0.25,0.4,0.243406964,0.2805583444369404,0.021165831406932678
0.25,0.4,0.214130891,0.2805583444369404,0.021165831406932678
0.25,0.4,0.277228416,0.2805583444369404,0.021165831406932678
0.25,0.4,0.289793919,0.2805583444369404,0.021165831406932678
0.25,0.4,0.348726411,0.2805583444369404,0.021165831406932678
0.25,0.4,0.391053842,0.2805583444369404,0.021165831406932678
0.25,0.4,0.209012128,0.2805583444369404,0.021165831406932678
0.25,0.4,0.18170501,0.2805583444369404,0.021165831406932678
0.25,0.4,0.196593107,0.2805583444369404,0.021165831406932678
0.25,0.4,0.185848507,0.2805583444369404,0.021165831406932678
0.25,0.4,0.408679369,0.2805583444369404,0.021165831406932678
0.25,0.4,0.146530184,0.2805583444369404,0.021165831406932678
0.25,0.4,0.113509646,0.2805583444369404,0.021165831406932678
0.25,0.4,0.200751209,0.2805583444369404,0.021165831406932678
0.25,0.4,0.224610495,0.2805583444369404,0.021165831406932678
0.25,0.4,0.163381589,0.2805583444369404,0.021165831406932678
0.25,0.4,0.262802003,0.2805583444369404,0.021165831406932678
0.25,0.4,0.202916919,0.2805583444369404,0.021165831406932678
0.25,0.4,0.445160379,0.2805583444369404,0.021165831406932678
0.25,0.4,0.470597845,0.2805583444369404,0.021165831406932678
0.25,0.4,0.125876874,0.2805583444369404,0.021165831406932678
0.25,0.4,0.340589032,0.2805583444369404,0.021165831406932678
0.25,0.4,0.300770789,0.2805583444369404,0.021165831406932678
0.25,0.4,0.24576462,0.2805583444369404,0.021165831406932678
0.25,0.4,0.318166068,0.31536768418663996,0.02295809957658398
0.25,0.4,0.153499571,0.31536768418663996,0.02295809957658398
0.25,0.4,0.136005202,0.31536768418663996,0.02295809957658398
0.25,0.4,0.222023129,0.31536768418663996,0.02295809957658398
0.25,0.4,0.449933185,0.31536768418663996,0.02295809957658398
0.25,0.4,0.503382061,0.31536768418663996,0.02295809957658398
0.25,0.4,0.12761306,0.31536768418663996,0.02295809957658398
0.25,0.4,0.358956363,0.31536768418663996,0.02295809957658398
0.25,0.4,0.309830349,0.31536768418663996,0.02295809957658398
0.25,0.4,0.134962537,0.31536768418663996,0.02295809957658398
0.25,0.4,0.205796602,0.31536768418663996,0.02295809957658398
0.25,0.4,0.235843067,0.31536768418663996,0.02295809957658398
0.25,0.4,0.105726824,0.31536768418663996,0.02295809957658398
0.25,0.4,0.442792005,0.31536768418663996,0.02295809957658398
0.25,0.4,0.230710015,0.31536768418663996,0.02295809957658398
0.25,0.4,0.431634955,0.31536768418663996,0.02295809957658398
0.25,0.4,0.206712605,0.31536768418663996,0.02295809957658398
0.25,0.4,0.453602924,0.31536768418663996,0.02295809957658398
0.25,0.4,0.381337851,0.31536768418663996,0.02295809957658398
0.25,0.4,0.155643239,0.31536768418663996,0.02295809957658398
0.25,0.4,0.20063153,0.31536768418663996,0.02295809957658398
0.25,0.4,0.44543754,0.31536768418663996,0.02295809957658398
0.25,0.4,0.361704103,0.31536768418663996,0.02295809957658398
0.25,0.4,0.472261872,0.31536768418663996,0.02295809957658398
0.25,0.6,0.41200452,0.3320911902574153,0.023606913947287762
0.25,0.6,0.197606446,0.3320911902574153,0.023606913947287762
0.25,0.6,0.337394009,0.3320911902574153,0.023606913947287762
0.25,0.6,0.405502087,0.3320911902574153,0.023606913947287762
0.25,0.6,0.263022355,0.3320911902574153,0.023606913947287762
0.25,0.6,0.167835656,0.3320911902574153,0.023606913947287762
0.25,0.6,0.251792183,0.3320911902574153,0.023606913947287762
0.25,0.6,0.229779104,0.3320911902574153,0.023606913947287762
0.25,0.6,0.186462905,0.3320911902574153,0.023606913947287762
0.25,0.6,0.31944951,0.3320911902574153,0.023606913947287762
0.25,0.6,0.244475992,0.3320911902574153,0.023606913947287762
0.25,0.6,0.198281983,0.3320911902574153,0.023606913947287762
0.25,0.6,0.333085854,0.3320911902574153,0.023606913947287762
0.25,0.6,0.221879781,0.3320911902574153,0.023606913947287762
0.25,0.6,0.261637713,0.3320911902574153,0.023606913947287762
0.25,0.6,0.093355711,0.3320911902574153,0.023606913947287762
0.25,0.6,0.217040267,0.3320911902574153,0.023606913947287762
0.25,0.6,0.426500005,0.3320911902574153,0.023606913947287762
0.25,0.6,0.118265358,0.3320911902574153,0.023606913947287762
0.25,0.6,0.186455025,0.3320911902574153,0.023606913947287762
0.25,0.6,0.380683379,0.3320911902574153,0.023606913947287762
0.25,0.6,0.338011265,0.3320911902574153,0.023606913947287762
0.25,0.6,0.382734462,0.3320911902574153,0.023606913947287762
0.25,0.6,0.312810547,0.3320911902574153,0.023606913947287762
0.25,0.6,0.113321873,0.3352038989432913,0.021341339306159533
0.25,0.6,0.330326876,0.3352038989432913,0.021341339306159533
0.25,0.6,0.126003694,0.3352038989432913,0.021341339306159533
0.25,0.6,0.20328254,0.3352038989432913,0.021341339306159533
0.25,0.6,0.352743457,0.3352038989432913,0.021341339306159533
0.25,0.6,0.223539711,0.3352038989432913,0.021341339306159533
0.25,0.6,0.274141461,0.3352038989432913,0.021341339306159533
0.25,0.6,0.16708786,0.3352038989432913,0.021341339306159533
0.25,0.6,0.231250494,0.3352038989432913,0.021341339306159533
0.25,0.6,0.370653172,0.3352038989432913,0.021341339306159533
0.25,0.6,0.476133669,0.3352038989432913,0.021341339306159533
0.25,0.6,0.101457755,0.3352038989432913,0.021341339306159533
0.25,0.6,0.487584199,0.3352038989432913,0.021341339306159533
0.25,0.6,0.253778109,0.3352038989432913,0.021341339306159533
0.25,0.6,0.228620416,0.3352038989432913,0.021341339306159533
0.25,0.6,0.424887945,0.3352038989432913,0.021341339306159533
0.25,0.6,0.26046789,0.3352038989432913,0.021341339306159533
0.25,0.6,0.192322103,0.3352038989432913,0.021341339306159533
0.25,0.6,0.146003405,0.3352038989432913,0.021341339306159533
0.25,0.6,0.192259897,0.3352038989432913,0.021341339306159533
0.25,0.6,0.375092198,0.3352038989432913,0.021341339306159533
0.25,0.6,0.181733714,0.3352038989432913,0.021341339306159533
0.25,0.6,0.377127116,0.3352038989432913,0.021341339306159533
0.25,0.6,0.348563142,0.3352038989432913,0.021341339306159533
0.3,0.2,0.375437583,0.3176963065361633,0.019178051730786443
0.3,0.2,0.085295098,0.3176963065361633,0.019178051730786443
0.3,0.2,0.206459054,0.3176963065361633,0.019178051730786443
0.3,0.2,0.320808739,0.3176963065361633,0.019178051730786443
0.3,0.2,0.432585445,0.3176963065361633,0.019178051730786443
0.3,0.2,0.379308784,0.3176963065361633,0.019178051730786443
0.3,0.2,0.158278611,0.3176963065361633,0.019178051730786443
0.3,0.2,0.450389367,0.3176963065361633,0.019178051730786443
0.3,0.2,0.378809138,0.3176963065361633,0.019178051730786443
0.3,0.2,0.351960417,0.3176963065361633,0.019178051730786443
0.3,0.2,0.39722865,0.3176963065361633,0.019178051730786443
0.3,0.2,0.226120467,0.3176963065361633,0.019178051730786443
0.3,0.2,0.095576232,0.3176963065361633,0.019178051730786443
0.3,0.2,0.114290423,0.3176963065361633,0.019178051730786443
0.3,0.2,0.248944096,0.3176963065361633,0.019178051730786443
0.3,0.2,0.166896257,0.3176963065361633,0.019178051730786443
0.3,0.2,0.441015238,0.3176963065361633,0.019178051730786443
0.3,0.2,0.232610901,0.3176963065361633,0.019178051730786443
0.3,0.2,0.168072418,0.3176963065361633,0.019178051730786443
0.3,0.2,0.234157236,0.3176963065361633,0.019178051730786443
0.3,0.2,0.132870375,0.3176963065361633,0.019178051730786443
0.3,0.2,0.198895962,0.3176963065361633,0.019178051730786443
0.3,0.2,0.110031235,0.3176963065361633,0.019178051730786443
0.3,0.2,0.123302351,0.3176963065361633,0.019178051730786443
0.3,0.4,0.216879461,0.288567013831198,0.024843873135626807
0.3,0.4,0.184679152,0.288567013831198,0.024843873135626807
0.3,0.4,0.153749514,0.288567013831198,0.024843873135626807
0.3,0.4,0.097806548,0.288567013831198,0.024843873135626807
0.3,0.4,0.072134166,0.288567013831198,0.024843873135626807
0.3,0.4,0.24448458,0.288567013831198,0.024843873135626807
0.3,0.4,0.416670252,0.288567013831198,0.024843873135626807
0.3,0.4,0.468150936,0.288567013831198,0.024843873135626807
0.3,0.4,0.121356445,0.288567013831198,0.024843873135626807
0.3,0.4,0.120062359,0.288567013831198,0.024843873135626807
0.3,0.4,0.389344955,0.288567013831198,0.024843873135626807
0.3,0.4,0.098425986,0.288567013831198,0.024843873135626807
0.3,0.4,0.325237098,0.288567013831198,0.024843873135626807
0.3,0.4,0.163341394,0.288567013831198,0.024843873135626807
0.3,0.4,0.33681975,0.288567013831198,0.024843873135626807
0.3,0.4,0.335833721,0.288567013831198,0.024843873135626807
0.3,0.4,0.442380486,0.288567013831198,0.024843873135626807
0.3,0.4,0.401491728,0.288567013831198,0.024843873135626807
0.3,0.4,0.365793021,0.288567013831198,0.024843873135626807
0.3,0.4,0.304163153,0.288567013831198,0.024843873135626807
0.3,0.4,0.068721238,0.288567013831198,0.024843873135626807
0.3,0.4,0.427509249,0.288567013831198,0.024843873135626807
0.3,0.4,0.346035124,0.288567013831198,0.024843873135626807
0.3,0.4,0.377883731,0.288567013831198,0.024843873135626807
0.3,0.4,0.272714393,0.33314300314305,0.018920582976459537
0.3,0.4,0.419071514,0.33314300314305,0.018920582976459537
0.3,0.4,0.33616908,0.33314300314305,0.018920582976459537
0.3,0.4,0.246742608,0.33314300314305,0.018920582976459537
0.3,0.4,0.473536472,0.33314300314305,0.018920582976459537
0.3,0.4,0.403322822,0.33314300314305,0.018920582976459537
0.3,0.4,0.150751038,0.33314300314305,0.018920582976459537
0.3,0.4,0.211661096,0.33314300314305,0.018920582976459537
0.3,0.4,0.318735969,0.33314300314305,0.018920582976459537
0.3,0.4,0.190426211,0.33314300314305,0.018920582976459537
0.3,0.4,0.309979079,0.33314300314305,0.018920582976459537
0.3,0.4,0.465336685,0.33314300314305,0.018920582976459537
0.3,0.4,0.206703221,0.33314300314305,0.018920582976459537
0.3,0.4,0.265170478,0.33314300314305,0.018920582976459537
0.3,0.4,0.206903857,0.33314300314305,0.018920582976459537
0.3,0.4,0.238876145,0.33314300314305,0.018920582976459537
0.3,0.4,0.239733743,0.33314300314305,0.018920582976459537
0.3,0.4,0.486246323,0.33314300314305,0.018920582976459537
0.3,0.4,0.332481941,0.33314300314305,0.018920582976459537
0.3,0.4,0.273318155,0.33314300314305,0.018920582976459537
0.3,0.4,0.153316855,0.33314300314305,0.018920582976459537
0.3,0.4,0.20693628,0.33314300314305,0.018920582976459537
0.3,0.4,0.131225226,0.33314300314305,0.018920582976459537
0.3,0.4,0.083890535,0.33314300314305,0.018920582976459537
0.3,0.6,0.255443907,0.32122798393902485,0.024246744004594215
0.3,0.6,0.183607739,0.32122798393902485,0.024246744004594215
0.3,0.6,0.158168208,0.32122798393902485,0.024246744004594215
0.3,0.6,0.150902057,0.32122798393902485,0.024246744004594215
0.3,0.6,0.216442766,0.32122798393902485,0.024246744004594215
0.3,0.6,0.193574083,0.32122798393902485,0.024246744004594215
0.3,0.6,0.228103953,0.32122798393902485,0.024246744004594215
0.3,0.6,0.08476261,0.32122798393902485,0.024246744004594215
0.3,0.6,0.380467785,0.32122798393902485,0.024246744004594215
0.3,0.6,0.312516346,0.32122798393902485,0.024246744004594215
0.3,0.6,0.153104303,0.32122798393902485,0.024246744004594215
0.3,0.6,0.476537287,0.32122798393902485,0.024246744004594215
0.3,0.6,0.137221639,0.32122798393902485,0.024246744004594215
0.3,0.6,0.230682366,0.32122798393902485,0.024246744004594215
0.3,0.6,0.15432567,0.32122798393902485,0.024246744004594215
0.3,0.6,0.202827862,0.32122798393902485,0.024246744004594215
0.3,0.6,0.320013141,0.32122798393902485,0.024246744004594215
0.3,0.6,0.144851272,0.32122798393902485,0.024246744004594215
0.3,0.6,0.165853961,0.32122798393902485,0.024246744004594215
0.3,0.6,0.166178422,0.32122798393902485,0.024246744004594215
0.3,0.6,0.520974703,0.32122798393902485,0.024246744004594215
0.3,0.6,0.424275003,0.32122798393902485,0.024246744004594215
0.3,0.6,0.214238813,0.32122798393902485,0.024246744004594215
0.3,0.6,0.310003619,0.32122798393902485,0.024246744004594215
0.3,0.6,0.442072458,0.25418636409085593,0.025582612268788395
0.3,0.6,0.311316873,0.25418636409085593,0.025582612268788395
0.3,0.6,0.363648483,0.25418636409085593,0.025582612268788395
0.3,0.6,0.384573208,0.25418636409085593,0.025582612268788395
0.3,0.6,0.223458969,0.25418636409085593,0.025582612268788395
0.3,0.6,0.491182259,0.25418636409085593,0.025582612268788395
0.3,0.6,0.412911002,0.25418636409085593,0.025582612268788395
0.3,0.6,0.10608176,0.25418636409085593,0.025582612268788395
0.3,0.6,0.391440007,0.25418636409085593,0.025582612268788395
0.3,0.6,0.309581011,0.25418636409085593,0.025582612268788395
0.3,0.6,0.329927268,0.25418636409085593,0.025582612268788395
0.3,0.6,0.259051764,0.25418636409085593,0.025582612268788395
0.3,0.6,0.066154489,0.25418636409085593,0.025582612268788395
0.3,0.6,0.350101073,0.25418636409085593,0.025582612268788395
0.3,0.6,0.142321229,0.25418636409085593,0.025582612268788395
0.3,0.6,0.244199135,0.25418636409085593,0.025582612268788395
0.3,0.6,0.172917077,0.25418636409085593,0.025582612268788395
0.3,0.6,0.48241276,0.25418636409085593,0.025582612268788395
0.3,0.6,0.139589094,0.25418636409085593,0.025582612268788395
0.3,0.6,0.433571299,0.25418636409085593,0.025582612268788395
0.3,0.6,0.212659764,0.25418636409085593,0.025582612268788395
0.3,0.6,0.060155427,0.25418636409085593,0.025582612268788395
0.3,0.6,0.304696559,0.25418636409085593,0.025582612268788395
0.3,0.6,0.125411307,0.25418636409085593,0.025582612268788395
0.3,0.8,0.312017867,0.28225951845342934,0.027903989556349592
0.3,0.8,0.246333295,0.28225951845342934,0.027903989556349592
0.3,0.8,0.136770059,0.28225951845342934,0.027903989556349592
0.3,0.8,0.365591602,0.28225951845342934,0.027903989556349592
0.3,0.8,0.20812267,0.28225951845342934,0.027903989556349592
0.3,0.8,0.104001768,0.28225951845342934,0.027903989556349592
0.3,0.8,0.17130894,0.28225951845342934,0.027903989556349592
0.3,0.8,0.168912009,0.28225951845342934,0.027903989556349592
0.3,0.8,0.262394105,0.28225951845342934,0.027903989556349592
0.3,0.8,0.124307126,0.28225951845342934,0.027903989556349592
0.3,0.8,0.396261404,0.28225951845342934,0.027903989556349592
0.3,0.8,0.077279793,0.28225951845342934,0.027903989556349592
0.3,0.8,0.299643926,0.28225951845342934,0.027903989556349592
0.3,0.8,0.368482975,0.28225951845342934,0.027903989556349592
0.3,0.8,0.120220535,0.28225951845342934,0.027903989556349592
0.3,0.8,0.317636384,0.28225951845342934,0.027903989556349592
0.3,0.8,0.334672364,0.28225951845342934,0.027903989556349592
0.3,0.8,0.266860607,0.28225951845342934,0.027903989556349592
0.3,0.8,0.409573816,0.28225951845342934,0.027903989556349592
0.3,0.8,0.145576232,0.28225951845342934,0.027903989556349592
0.3,0.8,0.078360271,0.28225951845342934,0.027903989556349592
0.3,0.8,0.263414663,0.28225951845342934,0.027903989556349592
0.3,0.8,0.260782501,0.28225951845342934,0.027903989556349592
0.3,0.8,0.497778923,0.28225951845342934,0.027903989556349592
0.4,0.2,0.189871875,0.3015905252395896,0.021926683477508986
0.4,0.2,0.316952771,0.3015905252395896,0.021926683477508986
0.4,0.2,0.292314668,0.3015905252395896,0.021926683477508986
0.4,0.2,0.168533698,0.3015905252395896,0.021926683477508986
0.4,0.2,0.104538484,0.3015905252395896,0.021926683477508986
0.4,0.2,0.499554012,0.3015905252395896,0.021926683477508986
0.4,0.2,0.313284456,0.3015905252395896,0.021926683477508986
0.4,0.2,0.338213665,0.3015905252395896,0.021926683477508986
0.4,0.2,0.405555473,0.3015905252395896,0.021926683477508986
0.4,0.2,0.143152869,0.3015905252395896,0.021926683477508986
0.4,0.2,0.342057488,0.3015905252395896,0.021926683477508986
0.4,0.2,0.418056522,0.3015905252395896,0.021926683477508986
0.4,0.2,0.211130512,0.3015905252395896,0.021926683477508986
0.4,0.2,0.109483987,0.3015905252395896,0.021926683477508986
0.4,0.2,0.348334709,0.3015905252395896,0.021926683477508986
0.4,0.2,0.058653937,0.3015905252395896,0.021926683477508986
0.4,0.2,0.175864149,0.3015905252395896,0.021926683477508986
0.4,0.2,0.173689745,0.3015905252395896,0.021926683477508986
0.4,0.2,0.084709706,0.3015905252395896,0.021926683477508986
0.4,0.2,0.502438033,0.3015905252395896,0.021926683477508986
0.4,0.2,0.216850921,0.3015905252395896,0.021926683477508986
0.4,0.2,0.327700838,0.3015905252395896,0.021926683477508986
0.4,0.2,0.12706169,0.3015905252395896,0.021926683477508986
0.4,0.2,0.282031331,0.3015905252395896,0.021926683477508986
0.4,0.2,0.32961776,0.299879280039022,0.021686848367459658
0.4,0.2,0.18800062,0.299879280039022,0.021686848367459658
0.4,0.2,0.134035544,0.299879280039022,0.021686848367459658
0.4,0.2,0.423842642,0.299879280039022,0.021686848367459658
0.4,0.2,0.13772388,0.299879280039022,0.021686848367459658
0.4,0.2,0.297138368,0.299879280039022,0.021686848367459658
0.4,0.2,0.204106907,0.299879280039022,0.021686848367459658
0.4,0.2,0.366038815,0.299879280039022,0.021686848367459658
0.4,0.2,0.368188028,0.299879280039022,0.021686848367459658
0.4,0.2,0.266185278,0.299879280039022,0.021686848367459658
0.4,0.2,0.148966572,0.299879280039022,0.021686848367459658
0.4,0.2,0.271397029,0.299879280039022,0.021686848367459658
0.4,0.2,0.189087933,0.299879280039022,0.021686848367459658
0.4,0.2,0.419668066,0.299879280039022,0.021686848367459658
0.4,0.2,0.060893294,0.299879280039022,0.021686848367459658
0.4,0.2,0.241602367,0.299879280039022,0.021686848367459658
0.4,0.2,0.133012196,0.299879280039022,0.021686848367459658
0.4,0.2,0.477544783,0.299879280039022,0.021686848367459658
0.4,0.2,0.368800562,0.299879280039022,0.021686848367459658
0.4,0.2,0.170565066,0.299879280039022,0.021686848367459658
0.4,0.2,0.138564509,0.299879280039022,0.021686848367459658
0.4,0.2,0.134517312,0.299879280039022,0.021686848367459658
0.4,0.2,0.430048984,0.299879280039022,0.021686848367459658
0.4,0.2,0.092734388,0.299879280039022,0.021686848367459658
0.4,0.4,0.07766559,0.26821121881584986,0.022800049520370468
0.4,0.4,0.165218293,0.26821121881584986,0.022800049520370468
0.4,0.4,0.1406684,0.26821121881584986,0.022800049520370468
0.4,0.4,0.267454073,0.26821121881584986,0.022800049520370468
0.4,0.4,0.171248066,0.26821121881584986,0.022800049520370468
0.4,0.4,0.209807969,0.26821121881584986,0.022800049520370468
0.4,0.4,0.360070966,0.26821121881584986,0.022800049520370468
0.4,0.4,0.058391408,0.26821121881584986,0.022800049520370468
0.4,0.4,0.360536105,0.26821121881584986,0.022800049520370468
0.4,0.4,0.281218446,0.26821121881584986,0.022800049520370468
0.4,0.4,0.170979653,0.26821121881584986,0.022800049520370468
0.4,0.4,0.050618387,0.26821121881584986,0.022800049520370468
0.4,0.4,0.283450975,0.26821121881584986,0.022800049520370468
0.4,0.4,0.156531035,0.26821121881584986,0.022800049520370468
0.4,0.4,0.145160592,0.26821121881584986,0.022800049520370468
0.4,0.4,0.131397147,0.26821121881584986,0.022800049520370468
0.4,0.4,0.259012449,0.26821121881584986,0.022800049520370468
0.4,0.4,0.297029246,0.26821121881584986,0.022800049520370468
0.4,0.4,0.351558822,0.26821121881584986,0.022800049520370468
0.4,0.4,0.276391255,0.26821121881584986,0.022800049520370468
0.4,0.4,0.160217364,0.26821121881584986,0.022800049520370468
0.4,0.4,0.268213156,0.26821121881584986,0.022800049520370468
0.4,0.4,0.098830267,0.26821121881584986,0.022800049520370468
0.4,0.4,0.094417063,0.26821121881584986,0.022800049520370468
0.4,0.4,0.303967264,0.31060075856294134,0.021445050231817926
0.4,0.4,0.456788762,0.31060075856294134,0.021445050231817926
0.4,0.4,0.380388302,0.31060075856294134,0.021445050231817926
0.4,0.4,0.163105373,0.31060075856294134,0.021445050231817926
0.4,0.4,0.141255944,0.31060075856294134,0.021445050231817926
0.4,0.4,0.314298993,0.31060075856294134,0.021445050231817926
0.4,0.4,0.28348579,0.31060075856294134,0.021445050231817926
0.4,0.4,0.282435131,0.31060075856294134,0.021445050231817926
0.4,0.4,0.290325064,0.31060075856294134,0.021445050231817926
0.4,0.4,0.243912655,0.31060075856294134,0.021445050231817926
0.4,0.4,0.146393477,0.31060075856294134,0.021445050231817926
0.4,0.4,0.465670479,0.31060075856294134,0.021445050231817926
0.4,0.4,0.273470772,0.31060075856294134,0.021445050231817926
0.4,0.4,0.123411231,0.31060075856294134,0.021445050231817926
0.4,0.4,0.131129704,0.31060075856294134,0.021445050231817926
0.4,0.4,0.285429393,0.31060075856294134,0.021445050231817926
0.4,0.4,0.284076565,0.31060075856294134,0.021445050231817926
0.4,0.4,0.197340571,0.31060075856294134,0.021445050231817926
0.4,0.4,0.168058133,0.31060075856294134,0.021445050231817926
0.4,0.4,0.494164052,0.31060075856294134,0.021445050231817926
0.4,0.4,0.248035963,0.31060075856294134,0.021445050231817926
0.4,0.4,0.156801912,0.31060075856294134,0.021445050231817926
0.4,0.4,0.249504155,0.31060075856294134,0.021445050231817926
0.4,0.4,0.512825395,0.31060075856294134,0.021445050231817926
0.4,0.6,0.147170402,0.30730790475536196,0.023138625924745776
0.4,0.6,0.158788786,0.30730790475536196,0.023138625924745776
0.4,0.6,0.185686497,0.30730790475536196,0.023138625924745776
0.4,0.6,0.085750377,0.30730790475536196,0.023138625924745776
0.4,0.6,0.377419604,0.30730790475536196,0.023138625924745776
0.4,0.6,0.200833673,0.30730790475536196,0.023138625924745776
0.4,0.6,0.466149413,0.30730790475536196,0.023138625924745776
0.4,0.6,0.211269897,0.30730790475536196,0.023138625924745776
0.4,0.6,0.119800885,0.30730790475536196,0.023138625924745776
0.4,0.6,0.485102544,0.30730790475536196,0.023138625924745776
0.4,0.6,0.294434835,0.30730790475536196,0.023138625924745776
0.4,0.6,0.236978388,0.30730790475536196,0.023138625924745776
0.4,0.6,0.361341708,0.30730790475536196,0.023138625924745776
0.4,0.6,0.367328701,0.30730790475536196,0.023138625924745776
0.4,0.6,0.212498599,0.30730790475536196,0.023138625924745776
0.4,0.6,0.272517004,0.30730790475536196,0.023138625924745776
0.4,0.6,0.282708789,0.30730790475536196,0.023138625924745776
0.4,0.6,0.165568563,0.30730790475536196,0.023138625924745776
0.4,0.6,0.135779591,0.30730790475536196,0.023138625924745776
0.4,0.6,0.176671055,0.30730790475536196,0.023138625924745776
0.4,0.6,0.362846858,0.30730790475536196,0.023138625924745776
0.4,0.6,0.291002245,0.30730790475536196,0.023138625924745776
0.4,0.6,0.231110057,0.30730790475536196,0.023138625924745776
0.4,0.6,0.420537856,0.30730790475536196,0.023138625924745776
0.4,0.6,0.173427497,0.30665324661822524,0.022874049361163003
0.4,0.6,0.259548669,0.30665324661822524,0.022874049361163003
0.4,0.6,0.204507954,0.30665324661822524,0.022874049361163003
0.4,0.6,0.11412521,0.30665324661822524,0.022874049361163003
0.4,0.6,0.193637714,0.30665324661822524,0.022874049361163003
0.4,0.6,0.261005697,0.30665324661822524,0.022874049361163003
0.4,0.6,0.182255961,0.30665324661822524,0.022874049361163003
0.4,0.6,0.158918728,0.30665324661822524,0.022874049361163003
0.4,0.6,0.372496902,0.30665324661822524,0.022874049361163003
0.4,0.6,0.265356545,0.30665324661822524,0.022874049361163003
0.4,0.6,0.085903462,0.30665324661822524,0.022874049361163003
0.4,0.6,0.199465352,0.30665324661822524,0.022874049361163003
0.4,0.6,0.299543905,0.30665324661822524,0.022874049361163003
0.4,0.6,0.171404501,0.30665324661822524,0.022874049361163003
0.4,0.6,0.307382979,0.30665324661822524,0.022874049361163003
0.4,0.6,0.335950912,0.30665324661822524,0.022874049361163003
0.4,0.6,0.43256103,0.30665324661822524,0.022874049361163003
0.4,0.6,0.083308003,0.30665324661822524,0.022874049361163003
0.4,0.6,0.088757849,0.30665324661822524,0.022874049361163003
0.4,0.6,0.32229222,0.30665324661822524,0.022874049361163003
0.4,0.6,0.174878227,0.30665324661822524,0.022874049361163003
0.4,0.6,0.517748303,0.30665324661822524,0.022874049361163003
0.4,0.6,0.210781963,0.30665324661822524,0.022874049361163003
0.4,0.6,0.197584711,0.30665324661822524,0.022874049361163003
0.4,0.8,0.441945101,0.2817035004754871,0.02793283556380998
0.4,0.8,0.165382198,0.2817035004754871,0.02793283556380998
0.4,0.8,0.26743421,0.2817035004754871,0.02793283556380998
0.4,0.8,0.150248132,0.2817035004754871,0.02793283556380998
0.4,0.8,0.205443858,0.2817035004754871,0.02793283556380998
0.4,0.8,0.413577517,0.2817035004754871,0.02793283556380998
0.4,0.8,0.489272737,0.2817035004754871,0.02793283556380998
0.4,0.8,0.209422894,0.2817035004754871,0.02793283556380998
0.4,0.8,0.118066014,0.2817035004754871,0.02793283556380998
0.4,0.8,0.132476368,0.2817035004754871,0.02793283556380998
0.4,0.8,0.412201156,0.2817035004754871,0.02793283556380998
0.4,0.8,0.090865044,0.2817035004754871,0.02793283556380998
0.4,0.8,0.348025544,0.2817035004754871,0.02793283556380998
0.4,0.8,0.270840882,0.2817035004754871,0.02793283556380998
0.4,0.8,0.106984647,0.2817035004754871,0.02793283556380998
0.4,0.8,0.24646984,0.2817035004754871,0.02793283556380998
0.4,0.8,0.395869814,0.2817035004754871,0.02793283556380998
0.4,0.8,0.139005368,0.2817035004754871,0.02793283556380998
0.4,0.8,0.277623507,0.2817035004754871,0.02793283556380998
0.4,0.8,0.404476589,0.2817035004754871,0.02793283556380998
0.4,0.8,0.088544979,0.2817035004754871,0.02793283556380998
0.4,0.8,0.25010213,0.2817035004754871,0.02793283556380998
0.4,0.8,0.240021861,0.2817035004754871,0.02793283556380998
0.4,0.8,0.313508358,0.2817035004754871,0.02793283556380998
0.4,0.8,0.403466869,0.30945027662346547,0.026253535735663292
0.4,0.8,0.163087758,0.30945027662346547,0.026253535735663292
0.4,0.8,0.074740497,0.30945027662346547,0.026253535735663292
0.4,0.8,0.471914528,0.30945027662346547,0.026253535735663292
0.4,0.8,0.525419965,0.30945027662346547,0.026253535735663292
0.4,0.8,0.137717985,0.30945027662346547,0.026253535735663292
0.4,0.8,0.189563165,0.30945027662346547,0.026253535735663292
0.4,0.8,0.329048294,0.30945027662346547,0.026253535735663292
0.4,0.8,0.426366818,0.30945027662346547,0.026253535735663292
0.4,0.8,0.281576677,0.30945027662346547,0.026253535735663292
0.4,0.8,0.443799466,0.30945027662346547,0.026253535735663292
0.4,0.8,0.325516501,0.30945027662346547,0.026253535735663292
0.4,0.8,0.248301464,0.30945027662346547,0.026253535735663292
0.4,0.8,0.080996687,0.30945027662346547,0.026253535735663292
0.4,0.8,0.421306773,0.30945027662346547,0.026253535735663292
0.4,0.8,0.188373141,0.30945027662346547,0.026253535735663292
0.4,0.8,0.071079125,0.30945027662346547,0.026253535735663292
0.4,0.8,0.22306628,0.30945027662346547,0.026253535735663292
0.4,0.8,0.200660243,0.30945027662346547,0.026253535735663292
0.4,0.8,0.282654791,0.30945027662346547,0.026253535735663292
0.4,0.8,0.228500023,0.30945027662346547,0.026253535735663292
0.4,0.8,0.356577346,0.30945027662346547,0.026253535735663292
0.4,0.8,0.173387984,0.30945027662346547,0.026253535735663292
0.4,0.8,0.383700025,0.30945027662346547,0.026253535735663292
0.6,0.2,0.182508866,0.2676065721007035,0.021020512749184914
0.6,0.2,0.417500054,0.2676065721007035,0.021020512749184914
0.6,0.2,0.233294997,0.2676065721007035,0.021020512749184914
0.6,0.2,0.239580558,0.2676065721007035,0.021020512749184914
0.6,0.2,0.256339413,0.2676065721007035,0.021020512749184914
0.6,0.2,0.403949016,0.2676065721007035,0.021020512749184914
0.6,0.2,0.262933325,0.2676065721007035,0.021020512749184914
0.6,0.2,0.226282917,0.2676065721007035,0.021020512749184914
0.6,0.2,0.090287927,0.2676065721007035,0.021020512749184914
0.6,0.2,0.226242672,0.2676065721007035,0.021020512749184914
0.6,0.2,0.111370094,0.2676065721007035,0.021020512749184914
0.6,0.2,0.456920236,0.2676065721007035,0.021020512749184914
0.6,0.2,0.25932887,0.2676065721007035,0.021020512749184914
0.6,0.2,0.286315756,0.2676065721007035,0.021020512749184914
0.6,0.2,0.198779377,0.2676065721007035,0.021020512749184914
0.6,0.2,0.119592006,0.2676065721007035,0.021020512749184914
0.6,0.2,0.108585136,0.2676065721007035,0.021020512749184914
0.6,0.2,0.094881507,0.2676065721007035,0.021020512749184914
0.6,0.2,0.141925483,0.2676065721007035,0.021020512749184914
0.6,0.2,0.193319105,0.2676065721007035,0.021020512749184914
0.6,0.2,0.120480339,0.2676065721007035,0.021020512749184914
0.6,0.2,0.305329495,0.2676065721007035,0.021020512749184914
0.6,0.2,0.505982551,0.2676065721007035,0.021020512749184914
0.6,0.2,0.173210478,0.2676065721007035,0.021020512749184914
0.6,0.4,0.176035765,0.30274470902077155,0.02326856421472561
0.6,0.4,0.176988384,0.30274470902077155,0.02326856421472561
0.6,0.4,0.222911712,0.30274470902077155,0.02326856421472561
0.6,0.4,0.101902474,0.30274470902077155,0.02326856421472561
0.6,0.4,0.113973872,0.30274470902077155,0.02326856421472561
0.6,0.4,0.062695144,0.30274470902077155,0.02326856421472561
0.6,0.4,0.566437008,0.30274470902077155,0.02326856421472561
0.6,0.4,0.293086745,0.30274470902077155,0.02326856421472561
0.6,0.4,0.205852889,0.30274470902077155,0.02326856421472561
0.6,0.4,0.299192701,0.30274470902077155,0.02326856421472561
0.6,0.4,0.130941322,0.30274470902077155,0.02326856421472561
0.6,0.4,0.210235361,0.30274470902077155,0.02326856421472561
0.6,0.4,0.18272237,0.30274470902077155,0.02326856421472561
0.6,0.4,0.337715073,0.30274470902077155,0.02326856421472561
0.6,0.4,0.347264828,0.30274470902077155,0.02326856421472561
0.6,0.4,0.037590504,0.30274470902077155,0.02326856421472561
0.6,0.4,0.202470819,0.30274470902077155,0.02326856421472561
0.6,0.4,0.297497094,0.30274470902077155,0.02326856421472561
0.6,0.4,0.151958955,0.30274470902077155,0.02326856421472561
0.6,0.4,0.513300547,0.30274470902077155,0.02326856421472561
0.6,0.4,0.151623153,0.30274470902077155,0.02326856421472561
0.6,0.4,0.086514884,0.30274470902077155,0.02326856421472561
0.6,0.4,0.290304019,0.30274470902077155,0.02326856421472561
0.6,0.4,0.477353461,0.30274470902077155,0.02326856421472561
0.6,0.6,0.436420072,0.26069876245855994,0.025833947845177143
0.6,0.6,0.144261009,0.26069876245855994,0.025833947845177143
0.6,0.6,0.168957033,0.26069876245855994,0.025833947845177143
0.6,0.6,0.274010985,0.26069876245855994,0.025833947845177143
0.6,0.6,0.270406973,0.26069876245855994,0.025833947845177143
0.6,0.6,0.199289253,0.26069876245855994,0.025833947845177143
0.6,0.6,0.437016063,0.26069876245855994,0.025833947845177143
0.6,0.6,0.380480477,0.26069876245855994,0.025833947845177143
0.6,0.6,0.233125045,0.26069876245855994,0.025833947845177143
0.6,0.6,0.412373201,0.26069876245855994,0.025833947845177143
0.6,0.6,0.081405316,0.26069876245855994,0.025833947845177143
0.6,0.6,0.172832915,0.26069876245855994,0.025833947845177143
0.6,0.6,0.194673987,0.26069876245855994,0.025833947845177143
0.6,0.6,0.183246494,0.26069876245855994,0.025833947845177143
0.6,0.6,0.085879227,0.26069876245855994,0.025833947845177143
0.6,0.6,0.236476407,0.26069876245855994,0.025833947845177143
0.6,0.6,0.35303777,0.26069876245855994,0.025833947845177143
0.6,0.6,0.351093296,0.26069876245855994,0.025833947845177143
0.6,0.6,0.129188095,0.26069876245855994,0.025833947845177143
0.6,0.6,0.379021404,0.26069876245855994,0.025833947845177143
0.6,0.6,0.521963305,0.26069876245855994,0.025833947845177143
0.6,0.6,0.494684879,0.26069876245855994,0.025833947845177143
0.6,0.6,0.358999577,0.26069876245855994,0.025833947845177143
0.6,0.6,0.173830415,0.26069876245855994,0.025833947845177143
0.6,0.6,0.358533549,0.2835262745320506,0.02460609050057037
0.6,0.6,0.193178104,0.2835262745320506,0.02460609050057037
0.6,0.6,0.042638425,0.2835262745320506,0.02460609050057037
0.6,0.6,0.389482616,0.2835262745320506,0.02460609050057037
0.6,0.6,0.33735757,0.2835262745320506,0.02460609050057037
0.6,0.6,0.141541587,0.2835262745320506,0.02460609050057037
0.6,0.6,0.418932296,0.2835262745320506,0.02460609050057037
0.6,0.6,0.111042609,0.2835262745320506,0.02460609050057037
0.6,0.6,0.361812735,0.2835262745320506,0.02460609050057037
0.6,0.6,0.333832969,0.2835262745320506,0.02460609050057037
0.6,0.6,0.342004818,0.2835262745320506,0.02460609050057037
0.6,0.6,0.214547127,0.2835262745320506,0.02460609050057037
0.6,0.6,0.412694183,0.2835262745320506,0.02460609050057037
0.6,0.6,0.275124964,0.2835262745320506,0.02460609050057037
0.6,0.6,0.216046486,0.2835262745320506,0.02460609050057037
0.6,0.6,0.181136274,0.2835262745320506,0.02460609050057037
0.6,0.6,0.212153251,0.2835262745320506,0.02460609050057037
0.6,0.6,0.402948181,0.2835262745320506,0.02460609050057037
0.6,0.6,0.143778765,0.2835262745320506,0.02460609050057037
0.6,0.6,0.061913002,0.2835262745320506,0.02460609050057037
0.6,0.6,0.450046408,0.2835262745320506,0.02460609050057037
0.6,0.6,0.15280672,0.2835262745320506,0.02460609050057037
0.6,0.6,0.221429132,0.2835262745320506,0.02460609050057037
0.6,0.6,0.220495033,0.2835262745320506,0.02460609050057037
0.6,0.6,0.278961408,0.2801960713150038,0.02985138870963982
0.6,0.6,0.183029662,0.2801960713150038,0.02985138870963982
0.6,0.6,0.135473894,0.2801960713150038,0.02985138870963982
0.6,0.6,0.186465041,0.2801960713150038,0.02985138870963982
0.6,0.6,0.157193925,0.2801960713150038,0.02985138870963982
0.6,0.6,0.190187146,0.2801960713150038,0.02985138870963982
0.6,0.6,0.190164377,0.2801960713150038,0.02985138870963982
0.6,0.6,0.167243346,0.2801960713150038,0.02985138870963982
0.6,0.6,0.072493727,0.2801960713150038,0.02985138870963982
0.6,0.6,0.099184808,0.2801960713150038,0.02985138870963982
0.6,0.6,0.424650324,0.2801960713150038,0.02985138870963982
0.6,0.6,0.358879424,0.2801960713150038,0.02985138870963982
0.6,0.6,0.20170968,0.2801960713150038,0.02985138870963982
0.6,0.6,0.128363531,0.2801960713150038,0.02985138870963982
0.6,0.6,0.342303003,0.2801960713150038,0.02985138870963982
0.6,0.6,0.14846697,0.2801960713150038,0.02985138870963982
0.6,0.6,0.19550086,0.2801960713150038,0.02985138870963982
0.6,0.6,0.163972402,0.2801960713150038,0.02985138870963982
0.6,0.6,0.265384106,0.2801960713150038,0.02985138870963982
0.6,0.6,0.056481969,0.2801960713150038,0.02985138870963982
0.6,0.6,0.187764989,0.2801960713150038,0.02985138870963982
0.6,0.6,0.249264172,0.2801960713150038,0.02985138870963982
0.6,0.6,0.092473765,0.2801960713150038,0.02985138870963982
0.6,0.6,0.354361057,0.2801960713150038,0.02985138870963982
0.8,0.2,0.137519032,0.2778719935049594,0.020884258807001243
0.8,0.2,0.145385668,0.2778719935049594,0.020884258807001243
0.8,0.2,0.267136868,0.2778719935049594,0.020884258807001243
0.8,0.2,0.139048235,0.2778719935049594,0.020884258807001243
0.8,0.2,0.349599129,0.2778719935049594,0.020884258807001243
0.8,0.2,0.118157522,0.2778719935049594,0.020884258807001243
0.8,0.2,0.380481766,0.2778719935049594,0.020884258807001243
0.8,0.2,0.086963715,0.2778719935049594,0.020884258807001243
0.8,0.2,0.183365107,0.2778719935049594,0.020884258807001243
0.8,0.2,0.069617357,0.2778719935049594,0.020884258807001243
0.8,0.2,0.044163538,0.2778719935049594,0.020884258807001243
0.8,0.2,0.169773801,0.2778719935049594,0.020884258807001243
0.8,0.2,0.480095693,0.2778719935049594,0.020884258807001243
0.8,0.2,0.131211157,0.2778719935049594,0.020884258807001243
0.8,0.2,0.186045883,0.2778719935049594,0.020884258807001243
0.8,0.2,0.283412873,0.2778719935049594,0.020884258807001243
0.8,0.2,0.112848905,0.2778719935049594,0.020884258807001243
0.8,0.2,0.30768885,0.2778719935049594,0.020884258807001243
0.8,0.2,0.152564403,0.2778719935049594,0.020884258807001243
0.8,0.2,0.250171926,0.2778719935049594,0.020884258807001243
0.8,0.2,0.368274706,0.2778719935049594,0.020884258807001243
0.8,0.2,0.331002475,0.2778719935049594,0.020884258807001243
0.8,0.2,0.236756059,0.2778719935049594,0.020884258807001243
0.8,0.2,0.37990512,0.2778719935049594,0.020884258807001243
0.8,0.2,0.203629985,0.2738128386936296,0.019794801574916848
0.8,0.2,0.103763864,0.2738128386936296,0.019794801574916848
0.8,0.2,0.174894205,0.2738128386936296,0.019794801574916848
0.8,0.2,0.13942195,0.2738128386936296,0.019794801574916848
0.8,0.2,0.36616539,0.2738128386936296,0.019794801574916848
0.8,0.2,0.262454693,0.2738128386936296,0.019794801574916848
0.8,0.2,0.12089469,0.2738128386936296,0.019794801574916848
0.8,0.2,0.428787431,0.2738128386936296,0.019794801574916848
0.8,0.2,0.166241075,0.2738128386936296,0.019794801574916848
0.8,0.2,0.108885973,0.2738128386936296,0.019794801574916848
0.8,0.2,0.320411065,0.2738128386936296,0.019794801574916848
0.8,0.2,0.107735885,0.2738128386936296,0.019794801574916848
0.8,0.2,0.15929052,0.2738128386936296,0.019794801574916848
0.8,0.2,0.200131783,0.2738128386936296,0.019794801574916848
0.8,0.2,0.153924801,0.2738128386936296,0.019794801574916848
0.8,0.2,0.125788095,0.2738128386936296,0.019794801574916848
0.8,0.2,0.034181453,0.2738128386936296,0.019794801574916848
0.8,0.2,0.202461594,0.2738128386936296,0.019794801574916848
0.8,0.2,0.348284164,0.2738128386936296,0.019794801574916848
0.8,0.2,0.21292512,0.2738128386936296,0.019794801574916848
0.8,0.2,0.21820396,0.2738128386936296,0.019794801574916848
0.8,0.2,0.111270827,0.2738128386936296,0.019794801574916848
0.8,0.2,0.139472366,0.2738128386936296,0.019794801574916848
0.8,0.2,0.181642954,0.2738128386936296,0.019794801574916848
0.8,0.2,0.326759466,0.2778999992096942,0.02053879523967112
0.8,0.2,0.203547418,0.2778999992096942,0.02053879523967112
0.8,0.2,0.155889996,0.2778999992096942,0.02053879523967112
0.8,0.2,0.218468544,0.2778999992096942,0.02053879523967112
0.8,0.2,0.095618031,0.2778999992096942,0.02053879523967112
0.8,0.2,0.379310054,0.2778999992096942,0.02053879523967112
0.8,0.2,0.107072803,0.2778999992096942,0.02053879523967112
0.8,0.2,0.2345279,0.2778999992096942,0.02053879523967112
0.8,0.2,0.238507787,0.2778999992096942,0.02053879523967112
0.8,0.2,0.432409745,0.2778999992096942,0.02053879523967112
0.8,0.2,0.128098788,0.2778999992096942,0.02053879523967112
0.8,0.2,0.179983934,0.2778999992096942,0.02053879523967112
0.8,0.2,0.090572662,0.2778999992096942,0.02053879523967112
0.8,0.2,0.203216478,0.2778999992096942,0.02053879523967112
0.8,0.2,0.157237646,0.2778999992096942,0.02053879523967112
0.8,0.2,0.134051795,0.2778999992096942,0.02053879523967112
0.8,0.2,0.328173316,0.2778999992096942,0.02053879523967112
0.8,0.2,0.225614128,0.2778999992096942,0.02053879523967112
0.8,0.2,0.156211975,0.2778999992096942,0.02053879523967112
0.8,0.2,0.116111572,0.2778999992096942,0.02053879523967112
0.8,0.2,0.186342108,0.2778999992096942,0.02053879523967112
0.8,0.2,0.092887105,0.2778999992096942,0.02053879523967112
0.8,0.2,0.290927498,0.2778999992096942,0.02053879523967112
0.8,0.2,0.233501101,0.2778999992096942,0.02053879523967112
0.8,0.2,0.279942061,0.24326809907142888,0.02152252415279832
0.8,0.2,0.104899921,0.24326809907142888,0.02152252415279832
0.8,0.2,0.206410713,0.24326809907142888,0.02152252415279832
0.8,0.2,0.137637641,0.24326809907142888,0.02152252415279832
0.8,0.2,0.167528839,0.24326809907142888,0.02152252415279832
0.8,0.2,0.156372767,0.24326809907142888,0.02152252415279832
0.8,0.2,0.318828967,0.24326809907142888,0.02152252415279832
0.8,0.2,0.096992267,0.24326809907142888,0.02152252415279832
0.8,0.2,0.429040124,0.24326809907142888,0.02152252415279832
0.8,0.2,0.168856811,0.24326809907142888,0.02152252415279832
0.8,0.2,0.103807236,0.24326809907142888,0.02152252415279832
0.8,0.2,0.619454232,0.24326809907142888,0.02152252415279832
0.8,0.2,0.484272021,0.24326809907142888,0.02152252415279832
0.8,0.2,0.058235142,0.24326809907142888,0.02152252415279832
0.8,0.2,0.213932126,0.24326809907142888,0.02152252415279832
0.8,0.2,0.360759756,0.24326809907142888,0.02152252415279832
0.8,0.2,0.269304422,0.24326809907142888,0.02152252415279832
0.8,0.2,0.348438483,0.24326809907142888,0.02152252415279832
0.8,0.2,0.191217745,0.24326809907142888,0.02152252415279832
0.8,0.2,0.161242647,0.24326809907142888,0.02152252415279832
0.8,0.2,0.147680464,0.24326809907142888,0.02152252415279832
0.8,0.2,0.312745753,0.24326809907142888,0.02152252415279832
0.8,0.2,0.207893819,0.24326809907142888,0.02152252415279832
0.8,0.2,0.141482927,0.24326809907142888,0.02152252415279832
0.8,0.6,0.053320627,0.2493701278399385,0.020404976487701378
0.8,0.6,0.082479666,0.2493701278399385,0.020404976487701378
0.8,0.6,0.13031807,0.2493701278399385,0.020404976487701378
0.8,0.6,0.069298429,0.2493701278399385,0.020404976487701378
0.8,0.6,0.311710269,0.2493701278399385,0.020404976487701378
0.8,0.6,0.128492785,0.2493701278399385,0.020404976487701378
0.8,0.6,0.109611861,0.2493701278399385,0.020404976487701378
0.8,0.6,0.309827502,0.2493701278399385,0.020404976487701378
0.8,0.6,0.368952581,0.2493701278399385,0.020404976487701378
0.8,0.6,0.12126298,0.2493701278399385,0.020404976487701378
0.8,0.6,0.228753823,0.2493701278399385,0.020404976487701378
0.8,0.6,0.109567938,0.2493701278399385,0.020404976487701378
0.8,0.6,0.185940742,0.2493701278399385,0.020404976487701378
0.8,0.6,0.030316683,0.2493701278399385,0.020404976487701378
0.8,0.6,0.430814161,0.2493701278399385,0.020404976487701378
0.8,0.6,0.436524957,0.2493701278399385,0.020404976487701378
0.8,0.6,0.439404352,0.2493701278399385,0.020404976487701378
0.8,0.6,0.08670473,0.2493701278399385,0.020404976487701378
0.8,0.6,0.171718741,0.2493701278399385,0.020404976487701378
0.8,0.6,0.126869644,0.2493701278399385,0.020404976487701378
0.8,0.6,0.111579601,0.2493701278399385,0.020404976487701378
0.8,0.6,0.117844783,0.2493701278399385,0.020404976487701378
0.8,0.6,0.277180686,0.2493701278399385,0.020404976487701378
0.8,0.6,0.174919958,0.2493701278399385,0.020404976487701378
0.8,0.8,0.317077877,0.23919683199528663,0.022714544552731548
0.8,0.8,0.658890168,0.23919683199528663,0.022714544552731548
0.8,0.8,0.20289758,0.23919683199528663,0.022714544552731548
0.8,0.8,0.151808077,0.23919683199528663,0.022714544552731548
0.8,0.8,0.173359645,0.23919683199528663,0.022714544552731548
0.8,0.8,0.364794434,0.23919683199528663,0.022714544552731548
0.8,0.8,0.274038995,0.23919683199528663,0.022714544552731548
0.8,0.8,0.310255774,0.23919683199528663,0.022714544552731548
0.8,0.8,0.07309111,0.23919683199528663,0.022714544552731548
0.8,0.8,0.257584926,0.23919683199528663,0.022714544552731548
0.8,0.8,0.279582308,0.23919683199528663,0.022714544552731548
0.8,0.8,0.154784412,0.23919683199528663,0.022714544552731548
0.8,0.8,0.174933762,0.23919683199528663,0.022714544552731548
0.8,0.8,0.203188099,0.23919683199528663,0.022714544552731548
0.8,0.8,0.23369141,0.23919683199528663,0.022714544552731548
0.8,0.8,0.240156746,0.23919683199528663,0.022714544552731548
0.8,0.8,0.286001094,0.23919683199528663,0.022714544552731548
0.8,0.8,0.065720318,0.23919683199528663,0.022714544552731548
0.8,0.8,0.578993952,0.23919683199528663,0.022714544552731548
0.8,0.8,0.150693826,0.23919683199528663,0.022714544552731548
0.8,0.8,0.151079858,0.23919683199528663,0.022714544552731548
0.8,0.8,0.320106359,0.23919683199528663,0.022714544552731548
0.8,0.8,0.140588962,0.23919683199528663,0.022714544552731548
0.8,0.8,0.225894906,0.23919683199528663,0.022714544552731548
