Comp,BID,asph_true,asph_pred,asph_std
0.1,0.2,37.65506961,93.72965126959753,10.109704607710363
0.1,0.2,117.4449672,93.72965126959753,10.109704607710363
0.1,0.2,39.12507528,93.72965126959753,10.109704607710363
0.1,0.2,25.43012313,93.72965126959753,10.109704607710363
0.1,0.2,35.71918887,93.72965126959753,10.109704607710363
0.1,0.2,28.33061262,93.72965126959753,10.109704607710363
0.1,0.2,113.6988827,93.72965126959753,10.109704607710363
0.1,0.2,141.2711123,93.72965126959753,10.109704607710363
0.1,0.2,135.3109522,93.72965126959753,10.109704607710363
0.1,0.2,150.2399349,93.72965126959753,10.109704607710363
0.1,0.2,60.66631918,93.72965126959753,10.109704607710363
0.1,0.2,129.9288406,93.72965126959753,10.109704607710363
0.1,0.2,67.49957349,93.72965126959753,10.109704607710363
0.1,0.2,71.50371681,93.72965126959753,10.109704607710363
0.1,0.2,90.10431053,93.72965126959753,10.109704607710363
0.1,0.2,67.14670853,93.72965126959753,10.109704607710363
0.1,0.2,155.3889682,93.72965126959753,10.109704607710363
0.1,0.2,108.7382492,93.72965126959753,10.109704607710363
0.1,0.2,96.8588687,93.72965126959753,10.109704607710363
0.1,0.2,63.78530831,93.72965126959753,10.109704607710363
0.1,0.2,111.8092956,93.72965126959753,10.109704607710363
0.1,0.2,175.0616366,93.72965126959753,10.109704607710363
0.1,0.2,61.86080955,93.72965126959753,10.109704607710363
0.1,0.2,134.0860743,93.72965126959753,10.109704607710363
0.1,0.4,105.8217834,122.75773298038075,9.620035756748438
0.1,0.4,103.4097833,122.75773298038075,9.620035756748438
0.1,0.4,85.35700133,122.75773298038075,9.620035756748438
0.1,0.4,127.5045176,122.75773298038075,9.620035756748438
0.1,0.4,123.7756298,122.75773298038075,9.620035756748438
0.1,0.4,67.76210239,122.75773298038075,9.620035756748438
0.1,0.4,116.8184288,122.75773298038075,9.620035756748438
0.1,0.4,97.21942344,122.75773298038075,9.620035756748438
0.1,0.4,84.10373228,122.75773298038075,9.620035756748438
0.1,0.4,86.4267051,122.75773298038075,9.620035756748438
0.1,0.4,82.91416106,122.75773298038075,9.620035756748438
0.1,0.4,69.90788434,122.75773298038075,9.620035756748438
0.1,0.4,94.36653476,122.75773298038075,9.620035756748438
0.1,0.4,118.1055638,122.75773298038075,9.620035756748438
0.1,0.4,66.18256098,122.75773298038075,9.620035756748438
0.1,0.4,82.93884204,122.75773298038075,9.620035756748438
0.1,0.4,71.61515812,122.75773298038075,9.620035756748438
0.1,0.4,81.43237262,122.75773298038075,9.620035756748438
0.1,0.4,93.80461846,122.75773298038075,9.620035756748438
0.1,0.4,88.25498942,122.75773298038075,9.620035756748438
0.1,0.4,136.573926,122.75773298038075,9.620035756748438
0.1,0.4,172.4095805,122.75773298038075,9.620035756748438
0.1,0.4,75.5678744,122.75773298038075,9.620035756748438
0.1,0.4,75.50599178,122.75773298038075,9.620035756748438
0.1,0.6,46.07068676,119.29952563548431,12.222040871090432
0.1,0.6,144.2032131,119.29952563548431,12.222040871090432
0.1,0.6,60.70625513,119.29952563548431,12.222040871090432
0.1,0.6,73.48818366,119.29952563548431,12.222040871090432
0.1,0.6,81.44525984,119.29952563548431,12.222040871090432
0.1,0.6,70.0588489,119.29952563548431,12.222040871090432
0.1,0.6,50.70142248,119.29952563548431,12.222040871090432
0.1,0.6,104.3006718,119.29952563548431,12.222040871090432
0.1,0.6,156.9752427,119.29952563548431,12.222040871090432
0.1,0.6,159.1791625,119.29952563548431,12.222040871090432
0.1,0.6,175.3858704,119.29952563548431,12.222040871090432
0.1,0.6,60.86321925,119.29952563548431,12.222040871090432
0.1,0.6,142.725092,119.29952563548431,12.222040871090432
0.1,0.6,139.4355644,119.29952563548431,12.222040871090432
0.1,0.6,43.18649353,119.29952563548431,12.222040871090432
0.1,0.6,142.3095486,119.29952563548431,12.222040871090432
0.1,0.6,96.33767628,119.29952563548431,12.222040871090432
0.1,0.6,110.0085896,119.29952563548431,12.222040871090432
0.1,0.6,45.01785279,119.29952563548431,12.222040871090432
0.1,0.6,46.42897013,119.29952563548431,12.222040871090432
0.1,0.6,118.8070578,119.29952563548431,12.222040871090432
0.1,0.6,69.04316741,119.29952563548431,12.222040871090432
0.1,0.6,220.2287345,119.29952563548431,12.222040871090432
0.1,0.6,125.1959576,119.29952563548431,12.222040871090432
0.1,0.6,137.8577104,114.3941786508476,10.980292051028156
0.1,0.6,73.09375704,114.3941786508476,10.980292051028156
0.1,0.6,87.45416567,114.3941786508476,10.980292051028156
0.1,0.6,100.3313894,114.3941786508476,10.980292051028156
0.1,0.6,60.18778945,114.3941786508476,10.980292051028156
0.1,0.6,189.3534086,114.3941786508476,10.980292051028156
0.1,0.6,120.8626641,114.3941786508476,10.980292051028156
0.1,0.6,38.50707346,114.3941786508476,10.980292051028156
0.1,0.6,199.0244869,114.3941786508476,10.980292051028156
0.1,0.6,219.9853832,114.3941786508476,10.980292051028156
0.1,0.6,68.05550886,114.3941786508476,10.980292051028156
0.1,0.6,196.4089492,114.3941786508476,10.980292051028156
0.1,0.6,106.7845437,114.3941786508476,10.980292051028156
0.1,0.6,190.7105366,114.3941786508476,10.980292051028156
0.1,0.6,134.8573135,114.3941786508476,10.980292051028156
0.1,0.6,199.6133869,114.3941786508476,10.980292051028156
0.1,0.6,53.70993552,114.3941786508476,10.980292051028156
0.1,0.6,135.1954638,114.3941786508476,10.980292051028156
0.1,0.6,156.5531992,114.3941786508476,10.980292051028156
0.1,0.6,170.9555024,114.3941786508476,10.980292051028156
0.1,0.6,44.26598454,114.3941786508476,10.980292051028156
0.1,0.6,29.19495312,114.3941786508476,10.980292051028156
0.1,0.6,69.83134214,114.3941786508476,10.980292051028156
0.1,0.6,146.1174741,114.3941786508476,10.980292051028156
0.1,0.6,71.13841604,121.83101068790711,10.186808564491688
0.1,0.6,90.60877777,121.83101068790711,10.186808564491688
0.1,0.6,35.24967213,121.83101068790711,10.186808564491688
0.1,0.6,37.29289189,121.83101068790711,10.186808564491688
0.1,0.6,91.60957906,121.83101068790711,10.186808564491688
0.1,0.6,121.4622178,121.83101068790711,10.186808564491688
0.1,0.6,204.323064,121.83101068790711,10.186808564491688
0.1,0.6,194.6145345,121.83101068790711,10.186808564491688
0.1,0.6,54.40115915,121.83101068790711,10.186808564491688
0.1,0.6,183.8588354,121.83101068790711,10.186808564491688
0.1,0.6,68.37134771,121.83101068790711,10.186808564491688
0.1,0.6,97.439145,121.83101068790711,10.186808564491688
0.1,0.6,54.29843753,121.83101068790711,10.186808564491688
0.1,0.6,231.0463989,121.83101068790711,10.186808564491688
0.1,0.6,50.2824057,121.83101068790711,10.186808564491688
0.1,0.6,177.5621686,121.83101068790711,10.186808564491688
0.1,0.6,195.0014724,121.83101068790711,10.186808564491688
0.1,0.6,48.65407506,121.83101068790711,10.186808564491688
0.1,0.6,74.17361936,121.83101068790711,10.186808564491688
0.1,0.6,80.81111663,121.83101068790711,10.186808564491688
0.1,0.6,86.59726868,121.83101068790711,10.186808564491688
0.1,0.6,74.87455705,121.83101068790711,10.186808564491688
0.1,0.6,204.3400459,121.83101068790711,10.186808564491688
0.1,0.6,198.8840061,121.83101068790711,10.186808564491688
0.1,0.8,219.7055167,132.3004170339409,12.603658388685476
0.1,0.8,202.3571904,132.3004170339409,12.603658388685476
0.1,0.8,309.9696242,132.3004170339409,12.603658388685476
0.1,0.8,49.40914908,132.3004170339409,12.603658388685476
0.1,0.8,35.98036651,132.3004170339409,12.603658388685476
0.1,0.8,83.75016042,132.3004170339409,12.603658388685476
0.1,0.8,231.6634795,132.3004170339409,12.603658388685476
0.1,0.8,220.7347662,132.3004170339409,12.603658388685476
0.1,0.8,215.0559355,132.3004170339409,12.603658388685476
0.1,0.8,209.3228957,132.3004170339409,12.603658388685476
0.1,0.8,193.3237718,132.3004170339409,12.603658388685476
0.1,0.8,206.6680317,132.3004170339409,12.603658388685476
0.1,0.8,124.2890357,132.3004170339409,12.603658388685476
0.1,0.8,103.6222678,132.3004170339409,12.603658388685476
0.1,0.8,81.71943379,132.3004170339409,12.603658388685476
0.1,0.8,205.5010526,132.3004170339409,12.603658388685476
0.1,0.8,209.196436,132.3004170339409,12.603658388685476
0.1,0.8,104.8622992,132.3004170339409,12.603658388685476
0.1,0.8,84.93246169,132.3004170339409,12.603658388685476
0.1,0.8,209.9492607,132.3004170339409,12.603658388685476
0.1,0.8,194.5660182,132.3004170339409,12.603658388685476
0.1,0.8,196.0356244,132.3004170339409,12.603658388685476
0.1,0.8,199.630328,132.3004170339409,12.603658388685476
0.1,0.8,200.9462091,132.3004170339409,12.603658388685476
0.1,0.8,165.420688,135.61336538185788,13.014795113298696
0.1,0.8,48.0653262,135.61336538185788,13.014795113298696
0.1,0.8,166.0561458,135.61336538185788,13.014795113298696
0.1,0.8,205.0082775,135.61336538185788,13.014795113298696
0.1,0.8,49.14424601,135.61336538185788,13.014795113298696
0.1,0.8,47.76585593,135.61336538185788,13.014795113298696
0.1,0.8,47.33181032,135.61336538185788,13.014795113298696
0.1,0.8,49.04965925,135.61336538185788,13.014795113298696
0.1,0.8,211.2436527,135.61336538185788,13.014795113298696
0.1,0.8,81.0052393,135.61336538185788,13.014795113298696
0.1,0.8,106.3634472,135.61336538185788,13.014795113298696
0.1,0.8,80.44221042,135.61336538185788,13.014795113298696
0.1,0.8,168.7492129,135.61336538185788,13.014795113298696
0.1,0.8,53.74684927,135.61336538185788,13.014795113298696
0.1,0.8,82.11854106,135.61336538185788,13.014795113298696
0.1,0.8,68.35679892,135.61336538185788,13.014795113298696
0.1,0.8,188.9989368,135.61336538185788,13.014795113298696
0.1,0.8,176.393483,135.61336538185788,13.014795113298696
0.1,0.8,183.15204,135.61336538185788,13.014795113298696
0.1,0.8,76.85143994,135.61336538185788,13.014795113298696
0.1,0.8,47.63156147,135.61336538185788,13.014795113298696
0.1,0.8,223.6049681,135.61336538185788,13.014795113298696
0.1,0.8,177.987151,135.61336538185788,13.014795113298696
0.1,0.8,50.38285973,135.61336538185788,13.014795113298696
0.15,0.2,89.9871644,82.13931111351485,11.79906719172433
0.15,0.2,28.20718398,82.13931111351485,11.79906719172433
0.15,0.2,69.13308362,82.13931111351485,11.79906719172433
0.15,0.2,48.43914373,82.13931111351485,11.79906719172433
0.15,0.2,58.22330402,82.13931111351485,11.79906719172433
0.15,0.2,98.37687832,82.13931111351485,11.79906719172433
0.15,0.2,53.43010644,82.13931111351485,11.79906719172433
0.15,0.2,31.35731677,82.13931111351485,11.79906719172433
0.15,0.2,44.0654302,82.13931111351485,11.79906719172433
0.15,0.2,53.45108414,82.13931111351485,11.79906719172433
0.15,0.2,34.11064269,82.13931111351485,11.79906719172433
0.15,0.2,42.9275154,82.13931111351485,11.79906719172433
0.15,0.2,61.72242306,82.13931111351485,11.79906719172433
0.15,0.2,64.51660495,82.13931111351485,11.79906719172433
0.15,0.2,52.43659924,82.13931111351485,11.79906719172433
0.15,0.2,38.11693491,82.13931111351485,11.79906719172433
0.15,0.2,30.307418,82.13931111351485,11.79906719172433
0.15,0.2,69.95999432,82.13931111351485,11.79906719172433
0.15,0.2,22.7840773,82.13931111351485,11.79906719172433
0.15,0.2,32.94022567,82.13931111351485,11.79906719172433
0.15,0.2,25.25468085,82.13931111351485,11.79906719172433
0.15,0.2,36.76000454,82.13931111351485,11.79906719172433
0.15,0.2,119.3263063,82.13931111351485,11.79906719172433
0.15,0.2,29.68870898,82.13931111351485,11.79906719172433
0.15,0.4,62.33545866,94.00301662125639,12.689226277625897
0.15,0.4,55.98773747,94.00301662125639,12.689226277625897
0.15,0.4,129.0559782,94.00301662125639,12.689226277625897
0.15,0.4,59.56132324,94.00301662125639,12.689226277625897
0.15,0.4,111.045885,94.00301662125639,12.689226277625897
0.15,0.4,36.94105543,94.00301662125639,12.689226277625897
0.15,0.4,74.59103412,94.00301662125639,12.689226277625897
0.15,0.4,72.05717736,94.00301662125639,12.689226277625897
0.15,0.4,62.35148289,94.00301662125639,12.689226277625897
0.15,0.4,41.62108196,94.00301662125639,12.689226277625897
0.15,0.4,34.97718201,94.00301662125639,12.689226277625897
0.15,0.4,34.89722498,94.00301662125639,12.689226277625897
0.15,0.4,87.08872238,94.00301662125639,12.689226277625897
0.15,0.4,49.86455245,94.00301662125639,12.689226277625897
0.15,0.4,57.16824102,94.00301662125639,12.689226277625897
0.15,0.4,85.5771293,94.00301662125639,12.689226277625897
0.15,0.4,38.17803972,94.00301662125639,12.689226277625897
0.15,0.4,44.75869505,94.00301662125639,12.689226277625897
0.15,0.4,76.84934294,94.00301662125639,12.689226277625897
0.15,0.4,37.29721465,94.00301662125639,12.689226277625897
0.15,0.4,46.11196864,94.00301662125639,12.689226277625897
0.15,0.4,46.61733702,94.00301662125639,12.689226277625897
0.15,0.4,28.28059029,94.00301662125639,12.689226277625897
0.15,0.4,90.81073963,94.00301662125639,12.689226277625897
0.15,0.4,100.5444836,90.613712329181,12.900641101723538
0.15,0.4,42.25617312,90.613712329181,12.900641101723538
0.15,0.4,123.753948,90.613712329181,12.900641101723538
0.15,0.4,84.10190593,90.613712329181,12.900641101723538
0.15,0.4,47.75039282,90.613712329181,12.900641101723538
0.15,0.4,47.25656966,90.613712329181,12.900641101723538
0.15,0.4,127.794026,90.613712329181,12.900641101723538
0.15,0.4,27.90981327,90.613712329181,12.900641101723538
0.15,0.4,60.00445217,90.613712329181,12.900641101723538
0.15,0.4,37.02774229,90.613712329181,12.900641101723538
0.15,0.4,88.34549797,90.613712329181,12.900641101723538
0.15,0.4,94.79268816,90.613712329181,12.900641101723538
0.15,0.4,151.3025717,90.613712329181,12.900641101723538
0.15,0.4,32.29980221,90.613712329181,12.900641101723538
0.15,0.4,71.83610001,90.613712329181,12.900641101723538
0.15,0.4,122.7230883,90.613712329181,12.900641101723538
0.15,0.4,95.39877418,90.613712329181,12.900641101723538
0.15,0.4,172.5044598,90.613712329181,12.900641101723538
0.15,0.4,55.9400518,90.613712329181,12.900641101723538
0.15,0.4,38.14178792,90.613712329181,12.900641101723538
0.15,0.4,55.85035987,90.613712329181,12.900641101723538
0.15,0.4,33.63824574,90.613712329181,12.900641101723538
0.15,0.4,134.5683492,90.613712329181,12.900641101723538
0.15,0.4,32.29537034,90.613712329181,12.900641101723538
0.15,0.4,64.56041228,120.67690663365647,12.735219778332278
0.15,0.4,64.43041345,120.67690663365647,12.735219778332278
0.15,0.4,43.9305807,120.67690663365647,12.735219778332278
0.15,0.4,102.9655985,120.67690663365647,12.735219778332278
0.15,0.4,171.37133,120.67690663365647,12.735219778332278
0.15,0.4,61.18823824,120.67690663365647,12.735219778332278
0.15,0.4,106.7271596,120.67690663365647,12.735219778332278
0.15,0.4,103.6625163,120.67690663365647,12.735219778332278
0.15,0.4,59.68529925,120.67690663365647,12.735219778332278
0.15,0.4,90.16551298,120.67690663365647,12.735219778332278
0.15,0.4,53.4169245,120.67690663365647,12.735219778332278
0.15,0.4,54.6187215,120.67690663365647,12.735219778332278
0.15,0.4,61.13437402,120.67690663365647,12.735219778332278
0.15,0.4,100.5892165,120.67690663365647,12.735219778332278
0.15,0.4,54.74341705,120.67690663365647,12.735219778332278
0.15,0.4,31.04373922,120.67690663365647,12.735219778332278
0.15,0.4,56.74229603,120.67690663365647,12.735219778332278
0.15,0.4,33.09806117,120.67690663365647,12.735219778332278
0.15,0.4,54.21374352,120.67690663365647,12.735219778332278
0.15,0.4,104.4144765,120.67690663365647,12.735219778332278
0.15,0.4,118.8428125,120.67690663365647,12.735219778332278
0.15,0.4,57.98571069,120.67690663365647,12.735219778332278
0.15,0.4,105.3010126,120.67690663365647,12.735219778332278
0.15,0.4,74.58437928,120.67690663365647,12.735219778332278
0.15,0.6,62.64162509,130.68661428943597,11.853787952843888
0.15,0.6,112.6607877,130.68661428943597,11.853787952843888
0.15,0.6,43.7637951,130.68661428943597,11.853787952843888
0.15,0.6,54.22361086,130.68661428943597,11.853787952843888
0.15,0.6,64.44528672,130.68661428943597,11.853787952843888
0.15,0.6,54.78908491,130.68661428943597,11.853787952843888
0.15,0.6,16.99142393,130.68661428943597,11.853787952843888
0.15,0.6,67.2491439,130.68661428943597,11.853787952843888
0.15,0.6,52.8892859,130.68661428943597,11.853787952843888
0.15,0.6,44.72281982,130.68661428943597,11.853787952843888
0.15,0.6,59.87663675,130.68661428943597,11.853787952843888
0.15,0.6,102.6736458,130.68661428943597,11.853787952843888
0.15,0.6,57.12808666,130.68661428943597,11.853787952843888
0.15,0.6,91.55806875,130.68661428943597,11.853787952843888
0.15,0.6,49.58433827,130.68661428943597,11.853787952843888
0.15,0.6,75.97250924,130.68661428943597,11.853787952843888
0.15,0.6,25.33478453,130.68661428943597,11.853787952843888
0.15,0.6,74.73382174,130.68661428943597,11.853787952843888
0.15,0.6,157.4535052,130.68661428943597,11.853787952843888
0.15,0.6,90.1111275,130.68661428943597,11.853787952843888
0.15,0.6,101.1403298,130.68661428943597,11.853787952843888
0.15,0.6,67.55752529,130.68661428943597,11.853787952843888
0.15,0.6,38.25756526,130.68661428943597,11.853787952843888
0.15,0.6,65.96672328,130.68661428943597,11.853787952843888
0.15,0.6,65.72930026,124.01055930360053,12.710260685171463
0.15,0.6,75.01405556,124.01055930360053,12.710260685171463
0.15,0.6,55.54503468,124.01055930360053,12.710260685171463
0.15,0.6,101.9786823,124.01055930360053,12.710260685171463
0.15,0.6,48.76328004,124.01055930360053,12.710260685171463
0.15,0.6,21.24710469,124.01055930360053,12.710260685171463
0.15,0.6,112.8405059,124.01055930360053,12.710260685171463
0.15,0.6,67.39373689,124.01055930360053,12.710260685171463
0.15,0.6,90.76990742,124.01055930360053,12.710260685171463
0.15,0.6,111.0711,124.01055930360053,12.710260685171463
0.15,0.6,44.2070141,124.01055930360053,12.710260685171463
0.15,0.6,30.18327252,124.01055930360053,12.710260685171463
0.15,0.6,87.61022306,124.01055930360053,12.710260685171463
0.15,0.6,42.56266968,124.01055930360053,12.710260685171463
0.15,0.6,63.84363258,124.01055930360053,12.710260685171463
0.15,0.6,100.8822068,124.01055930360053,12.710260685171463
0.15,0.6,41.67959567,124.01055930360053,12.710260685171463
0.15,0.6,79.73979998,124.01055930360053,12.710260685171463
0.15,0.6,25.37490688,124.01055930360053,12.710260685171463
0.15,0.6,79.97159235,124.01055930360053,12.710260685171463
0.15,0.6,68.79003126,124.01055930360053,12.710260685171463
0.15,0.6,63.50351392,124.01055930360053,12.710260685171463
0.15,0.6,28.32875751,124.01055930360053,12.710260685171463
0.15,0.6,73.8672546,124.01055930360053,12.710260685171463
0.15,0.8,89.36782723,116.19907191756283,13.528341854769288
0.15,0.8,53.25089611,116.19907191756283,13.528341854769288
0.15,0.8,145.8483654,116.19907191756283,13.528341854769288
0.15,0.8,75.17992591,116.19907191756283,13.528341854769288
0.15,0.8,24.9155625,116.19907191756283,13.528341854769288
0.15,0.8,185.5859703,116.19907191756283,13.528341854769288
0.15,0.8,85.22761602,116.19907191756283,13.528341854769288
0.15,0.8,86.36499443,116.19907191756283,13.528341854769288
0.15,0.8,56.62095904,116.19907191756283,13.528341854769288
0.15,0.8,152.6989549,116.19907191756283,13.528341854769288
0.15,0.8,118.9344805,116.19907191756283,13.528341854769288
0.15,0.8,100.666621,116.19907191756283,13.528341854769288
0.15,0.8,137.7911447,116.19907191756283,13.528341854769288
0.15,0.8,186.7415783,116.19907191756283,13.528341854769288
0.15,0.8,119.4744801,116.19907191756283,13.528341854769288
0.15,0.8,70.8378373,116.19907191756283,13.528341854769288
0.15,0.8,162.9236846,116.19907191756283,13.528341854769288
0.15,0.8,159.5106765,116.19907191756283,13.528341854769288
0.15,0.8,89.41391098,116.19907191756283,13.528341854769288
0.15,0.8,101.293721,116.19907191756283,13.528341854769288
0.15,0.8,54.39341835,116.19907191756283,13.528341854769288
0.15,0.8,152.695278,116.19907191756283,13.528341854769288
0.15,0.8,75.13883958,116.19907191756283,13.528341854769288
0.15,0.8,103.5971157,116.19907191756283,13.528341854769288
0.2,0.4,32.25399539,109.27359040538431,10.845313522675703
0.2,0.4,48.66095978,109.27359040538431,10.845313522675703
0.2,0.4,102.4512847,109.27359040538431,10.845313522675703
0.2,0.4,39.42989344,109.27359040538431,10.845313522675703
0.2,0.4,35.72149704,109.27359040538431,10.845313522675703
0.2,0.4,79.5439143,109.27359040538431,10.845313522675703
0.2,0.4,57.13324555,109.27359040538431,10.845313522675703
0.2,0.4,86.37378805,109.27359040538431,10.845313522675703
0.2,0.4,23.57999526,109.27359040538431,10.845313522675703
0.2,0.4,31.51215919,109.27359040538431,10.845313522675703
0.2,0.4,123.1689836,109.27359040538431,10.845313522675703
0.2,0.4,37.51325429,109.27359040538431,10.845313522675703
0.2,0.4,42.90409257,109.27359040538431,10.845313522675703
0.2,0.4,163.8346042,109.27359040538431,10.845313522675703
0.2,0.4,90.1578656,109.27359040538431,10.845313522675703
0.2,0.4,35.17405714,109.27359040538431,10.845313522675703
0.2,0.4,105.0512773,109.27359040538431,10.845313522675703
0.2,0.4,44.18315386,109.27359040538431,10.845313522675703
0.2,0.4,112.6061456,109.27359040538431,10.845313522675703
0.2,0.4,54.92663013,109.27359040538431,10.845313522675703
0.2,0.4,60.45456667,109.27359040538431,10.845313522675703
0.2,0.4,111.1040429,109.27359040538431,10.845313522675703
0.2,0.4,72.15441142,109.27359040538431,10.845313522675703
0.2,0.4,59.27934579,109.27359040538431,10.845313522675703
0.2,0.6,68.85613772,94.1605504449144,14.213216736256566
0.2,0.6,35.639613,94.1605504449144,14.213216736256566
0.2,0.6,50.0706825,94.1605504449144,14.213216736256566
0.2,0.6,104.4108009,94.1605504449144,14.213216736256566
0.2,0.6,26.75865143,94.1605504449144,14.213216736256566
0.2,0.6,62.36780074,94.1605504449144,14.213216736256566
0.2,0.6,37.6130863,94.1605504449144,14.213216736256566
0.2,0.6,92.17574834,94.1605504449144,14.213216736256566
0.2,0.6,28.70625771,94.1605504449144,14.213216736256566
0.2,0.6,38.19386346,94.1605504449144,14.213216736256566
0.2,0.6,29.19043656,94.1605504449144,14.213216736256566
0.2,0.6,98.07053978,94.1605504449144,14.213216736256566
0.2,0.6,22.1864524,94.1605504449144,14.213216736256566
0.2,0.6,49.26795369,94.1605504449144,14.213216736256566
0.2,0.6,51.6917704,94.1605504449144,14.213216736256566
0.2,0.6,35.5895914,94.1605504449144,14.213216736256566
0.2,0.6,50.80263581,94.1605504449144,14.213216736256566
0.2,0.6,53.56296233,94.1605504449144,14.213216736256566
0.2,0.6,39.90059334,94.1605504449144,14.213216736256566
0.2,0.6,31.46496409,94.1605504449144,14.213216736256566
0.2,0.6,55.56713838,94.1605504449144,14.213216736256566
0.2,0.6,91.95020907,94.1605504449144,14.213216736256566
0.2,0.6,76.67829168,94.1605504449144,14.213216736256566
0.2,0.6,60.86634588,94.1605504449144,14.213216736256566
0.2,0.8,122.5119225,70.42730631254017,16.134608567294585
0.2,0.8,37.6794186,70.42730631254017,16.134608567294585
0.2,0.8,68.51334115,70.42730631254017,16.134608567294585
0.2,0.8,65.06412036,70.42730631254017,16.134608567294585
0.2,0.8,18.38192506,70.42730631254017,16.134608567294585
0.2,0.8,45.76266144,70.42730631254017,16.134608567294585
0.2,0.8,38.56150904,70.42730631254017,16.134608567294585
0.2,0.8,62.01952879,70.42730631254017,16.134608567294585
0.2,0.8,132.8897191,70.42730631254017,16.134608567294585
0.2,0.8,97.19549151,70.42730631254017,16.134608567294585
0.2,0.8,113.4328692,70.42730631254017,16.134608567294585
0.2,0.8,34.8112985,70.42730631254017,16.134608567294585
0.2,0.8,152.6319693,70.42730631254017,16.134608567294585
0.2,0.8,38.38285835,70.42730631254017,16.134608567294585
0.2,0.8,70.96745614,70.42730631254017,16.134608567294585
0.2,0.8,57.11608728,70.42730631254017,16.134608567294585
0.2,0.8,60.03429612,70.42730631254017,16.134608567294585
0.2,0.8,138.7124874,70.42730631254017,16.134608567294585
0.2,0.8,22.59223682,70.42730631254017,16.134608567294585
0.2,0.8,30.5629799,70.42730631254017,16.134608567294585
0.2,0.8,83.9164444,70.42730631254017,16.134608567294585
0.2,0.8,86.5325574,70.42730631254017,16.134608567294585
0.2,0.8,87.27054103,70.42730631254017,16.134608567294585
0.2,0.8,78.79735006,70.42730631254017,16.134608567294585
0.2,0.8,47.88877218,100.09300925722528,15.301185318427411
0.2,0.8,95.32558305,100.09300925722528,15.301185318427411
0.2,0.8,91.66099389,100.09300925722528,15.301185318427411
0.2,0.8,23.03305683,100.09300925722528,15.301185318427411
0.2,0.8,16.9896714,100.09300925722528,15.301185318427411
0.2,0.8,48.88263613,100.09300925722528,15.301185318427411
0.2,0.8,140.7613954,100.09300925722528,15.301185318427411
0.2,0.8,85.04587359,100.09300925722528,15.301185318427411
0.2,0.8,92.77707258,100.09300925722528,15.301185318427411
0.2,0.8,30.22143001,100.09300925722528,15.301185318427411
0.2,0.8,84.74038922,100.09300925722528,15.301185318427411
0.2,0.8,53.47345586,100.09300925722528,15.301185318427411
0.2,0.8,82.15879918,100.09300925722528,15.301185318427411
0.2,0.8,86.40682366,100.09300925722528,15.301185318427411
0.2,0.8,84.0770232,100.09300925722528,15.301185318427411
0.2,0.8,87.70611266,100.09300925722528,15.301185318427411
0.2,0.8,80.12104198,100.09300925722528,15.301185318427411
0.2,0.8,75.96213355,100.09300925722528,15.301185318427411
0.2,0.8,42.79621861,100.09300925722528,15.301185318427411
0.2,0.8,40.86932298,100.09300925722528,15.301185318427411
0.2,0.8,76.79745549,100.09300925722528,15.301185318427411
0.2,0.8,70.57993614,100.09300925722528,15.301185318427411
0.2,0.8,72.67313917,100.09300925722528,15.301185318427411
0.2,0.8,59.60015404,100.09300925722528,15.301185318427411
0.2,0.8,91.93224445,92.9853971216071,15.709461550846234
0.2,0.8,35.3266067,92.9853971216071,15.709461550846234
0.2,0.8,235.5367161,92.9853971216071,15.709461550846234
0.2,0.8,219.4004622,92.9853971216071,15.709461550846234
0.2,0.8,74.01049273,92.9853971216071,15.709461550846234
0.2,0.8,46.35246387,92.9853971216071,15.709461550846234
0.2,0.8,227.3157083,92.9853971216071,15.709461550846234
0.2,0.8,238.8078466,92.9853971216071,15.709461550846234
0.2,0.8,234.7768422,92.9853971216071,15.709461550846234
0.2,0.8,33.58337735,92.9853971216071,15.709461550846234
0.2,0.8,29.83006579,92.9853971216071,15.709461550846234
0.2,0.8,231.6708032,92.9853971216071,15.709461550846234
0.2,0.8,264.6335276,92.9853971216071,15.709461550846234
0.2,0.8,235.847724,92.9853971216071,15.709461550846234
0.2,0.8,247.9250608,92.9853971216071,15.709461550846234
0.2,0.8,224.5154839,92.9853971216071,15.709461550846234
0.2,0.8,239.2908978,92.9853971216071,15.709461550846234
0.2,0.8,32.06455664,92.9853971216071,15.709461550846234
0.2,0.8,229.428582,92.9853971216071,15.709461550846234
0.2,0.8,227.3288403,92.9853971216071,15.709461550846234
0.2,0.8,75.52153861,92.9853971216071,15.709461550846234
0.2,0.8,238.7949254,92.9853971216071,15.709461550846234
0.2,0.8,39.06128713,92.9853971216071,15.709461550846234
0.2,0.8,232.8535417,92.9853971216071,15.709461550846234
0.25,0.4,33.25531386,98.05412537868688,12.77049197282116
0.25,0.4,29.9081945,98.05412537868688,12.77049197282116
0.25,0.4,44.29920116,98.05412537868688,12.77049197282116
0.25,0.4,53.40774809,98.05412537868688,12.77049197282116
0.25,0.4,64.05533991,98.05412537868688,12.77049197282116
0.25,0.4,96.52293528,98.05412537868688,12.77049197282116
0.25,0.4,36.6548049,98.05412537868688,12.77049197282116
0.25,0.4,26.23723866,98.05412537868688,12.77049197282116
0.25,0.4,34.15066327,98.05412537868688,12.77049197282116
0.25,0.4,36.55136511,98.05412537868688,12.77049197282116
0.25,0.4,56.98942555,98.05412537868688,12.77049197282116
0.25,0.4,25.42060844,98.05412537868688,12.77049197282116
0.25,0.4,22.93816249,98.05412537868688,12.77049197282116
0.25,0.4,34.39200389,98.05412537868688,12.77049197282116
0.25,0.4,44.02474671,98.05412537868688,12.77049197282116
0.25,0.4,26.19583221,98.05412537868688,12.77049197282116
0.25,0.4,35.84828635,98.05412537868688,12.77049197282116
0.25,0.4,33.73898435,98.05412537868688,12.77049197282116
0.25,0.4,73.14324278,98.05412537868688,12.77049197282116
0.25,0.4,99.60250043,98.05412537868688,12.77049197282116
0.25,0.4,19.77343854,98.05412537868688,12.77049197282116
0.25,0.4,48.21872476,98.05412537868688,12.77049197282116
0.25,0.4,53.54839009,98.05412537868688,12.77049197282116
0.25,0.4,43.18185366,98.05412537868688,12.77049197282116
0.25,0.4,63.62997827,73.94557360023464,14.695497577987219
0.25,0.4,24.8450812,73.94557360023464,14.695497577987219
0.25,0.4,25.66815228,73.94557360023464,14.695497577987219
0.25,0.4,41.02445928,73.94557360023464,14.695497577987219
0.25,0.4,101.3311238,73.94557360023464,14.695497577987219
0.25,0.4,102.8939792,73.94557360023464,14.695497577987219
0.25,0.4,23.42488887,73.94557360023464,14.695497577987219
0.25,0.4,69.54726517,73.94557360023464,14.695497577987219
0.25,0.4,68.74088744,73.94557360023464,14.695497577987219
0.25,0.4,21.79110363,73.94557360023464,14.695497577987219
0.25,0.4,37.68385488,73.94557360023464,14.695497577987219
0.25,0.4,46.76354937,73.94557360023464,14.695497577987219
0.25,0.4,21.52448278,73.94557360023464,14.695497577987219
0.25,0.4,71.29391533,73.94557360023464,14.695497577987219
0.25,0.4,36.85630577,73.94557360023464,14.695497577987219
0.25,0.4,72.17389648,73.94557360023464,14.695497577987219
0.25,0.4,35.93062106,73.94557360023464,14.695497577987219
0.25,0.4,88.39784384,73.94557360023464,14.695497577987219
0.25,0.4,58.77977034,73.94557360023464,14.695497577987219
0.25,0.4,25.21159266,73.94557360023464,14.695497577987219
0.25,0.4,31.86976935,73.94557360023464,14.695497577987219
0.25,0.4,75.36542364,73.94557360023464,14.695497577987219
0.25,0.4,64.03479168,73.94557360023464,14.695497577987219
0.25,0.4,91.73195134,73.94557360023464,14.695497577987219
0.25,0.6,72.87899941,92.14383371370059,15.779145386240968
0.25,0.6,41.25571462,92.14383371370059,15.779145386240968
0.25,0.6,51.0264865,92.14383371370059,15.779145386240968
0.25,0.6,74.23903308,92.14383371370059,15.779145386240968
0.25,0.6,41.23728039,92.14383371370059,15.779145386240968
0.25,0.6,27.15002526,92.14383371370059,15.779145386240968
0.25,0.6,47.67517772,92.14383371370059,15.779145386240968
0.25,0.6,35.26304323,92.14383371370059,15.779145386240968
0.25,0.6,32.94925823,92.14383371370059,15.779145386240968
0.25,0.6,48.79837203,92.14383371370059,15.779145386240968
0.25,0.6,42.49880713,92.14383371370059,15.779145386240968
0.25,0.6,34.00600962,92.14383371370059,15.779145386240968
0.25,0.6,49.1130571,92.14383371370059,15.779145386240968
0.25,0.6,40.31109852,92.14383371370059,15.779145386240968
0.25,0.6,51.44864982,92.14383371370059,15.779145386240968
0.25,0.6,17.70238193,92.14383371370059,15.779145386240968
0.25,0.6,33.9691787,92.14383371370059,15.779145386240968
0.25,0.6,100.0685067,92.14383371370059,15.779145386240968
0.25,0.6,22.6039219,92.14383371370059,15.779145386240968
0.25,0.6,35.86734871,92.14383371370059,15.779145386240968
0.25,0.6,90.2928984,92.14383371370059,15.779145386240968
0.25,0.6,59.5238116,92.14383371370059,15.779145386240968
0.25,0.6,85.03348184,92.14383371370059,15.779145386240968
0.25,0.6,81.93200726,92.14383371370059,15.779145386240968
0.25,0.6,20.46787834,115.81964980492194,13.344029292979961
0.25,0.6,52.19781414,115.81964980492194,13.344029292979961
0.25,0.6,20.5156661,115.81964980492194,13.344029292979961
0.25,0.6,33.58034058,115.81964980492194,13.344029292979961
0.25,0.6,77.58037658,115.81964980492194,13.344029292979961
0.25,0.6,40.65648623,115.81964980492194,13.344029292979961
0.25,0.6,41.5414617,115.81964980492194,13.344029292979961
0.25,0.6,26.24013979,115.81964980492194,13.344029292979961
0.25,0.6,41.74971209,115.81964980492194,13.344029292979961
0.25,0.6,91.81929879,115.81964980492194,13.344029292979961
0.25,0.6,147.205673,115.81964980492194,13.344029292979961
0.25,0.6,18.21920601,115.81964980492194,13.344029292979961
0.25,0.6,91.41074429,115.81964980492194,13.344029292979961
0.25,0.6,47.62489264,115.81964980492194,13.344029292979961
0.25,0.6,38.23863267,115.81964980492194,13.344029292979961
0.25,0.6,120.7559148,115.81964980492194,13.344029292979961
0.25,0.6,45.03257977,115.81964980492194,13.344029292979961
0.25,0.6,31.81905726,115.81964980492194,13.344029292979961
0.25,0.6,20.77177073,115.81964980492194,13.344029292979961
0.25,0.6,36.86631514,115.81964980492194,13.344029292979961
0.25,0.6,49.85442074,115.81964980492194,13.344029292979961
0.25,0.6,30.45736331,115.81964980492194,13.344029292979961
0.25,0.6,59.67678791,115.81964980492194,13.344029292979961
0.25,0.6,62.69252552,115.81964980492194,13.344029292979961
0.3,0.2,62.4993594,84.82324517810775,13.646407837260886
0.3,0.2,15.13435536,84.82324517810775,13.646407837260886
0.3,0.2,37.08155531,84.82324517810775,13.646407837260886
0.3,0.2,56.73916016,84.82324517810775,13.646407837260886
0.3,0.2,71.72267384,84.82324517810775,13.646407837260886
0.3,0.2,57.61556181,84.82324517810775,13.646407837260886
0.3,0.2,25.24618389,84.82324517810775,13.646407837260886
0.3,0.2,113.947313,84.82324517810775,13.646407837260886
0.3,0.2,49.30974811,84.82324517810775,13.646407837260886
0.3,0.2,50.47824536,84.82324517810775,13.646407837260886
0.3,0.2,59.28889521,84.82324517810775,13.646407837260886
0.3,0.2,35.76228724,84.82324517810775,13.646407837260886
0.3,0.2,19.03460762,84.82324517810775,13.646407837260886
0.3,0.2,16.39045462,84.82324517810775,13.646407837260886
0.3,0.2,40.22369635,84.82324517810775,13.646407837260886
0.3,0.2,24.73552361,84.82324517810775,13.646407837260886
0.3,0.2,97.07682283,84.82324517810775,13.646407837260886
0.3,0.2,35.49700367,84.82324517810775,13.646407837260886
0.3,0.2,25.96391872,84.82324517810775,13.646407837260886
0.3,0.2,45.46810984,84.82324517810775,13.646407837260886
0.3,0.2,20.97397656,84.82324517810775,13.646407837260886
0.3,0.2,32.59679477,84.82324517810775,13.646407837260886
0.3,0.2,19.55360375,84.82324517810775,13.646407837260886
0.3,0.2,19.05115422,84.82324517810775,13.646407837260886
0.3,0.4,37.43453586,69.79531274743204,15.109475479370143
0.3,0.4,29.72516807,69.79531274743204,15.109475479370143
0.3,0.4,20.96127964,69.79531274743204,15.109475479370143
0.3,0.4,16.86505451,69.79531274743204,15.109475479370143
0.3,0.4,13.13196091,69.79531274743204,15.109475479370143
0.3,0.4,34.2723956,69.79531274743204,15.109475479370143
0.3,0.4,61.8912682,69.79531274743204,15.109475479370143
0.3,0.4,86.03122006,69.79531274743204,15.109475479370143
0.3,0.4,17.58733414,69.79531274743204,15.109475479370143
0.3,0.4,16.91365686,69.79531274743204,15.109475479370143
0.3,0.4,57.03833565,69.79531274743204,15.109475479370143
0.3,0.4,20.80513649,69.79531274743204,15.109475479370143
0.3,0.4,52.7633407,69.79531274743204,15.109475479370143
0.3,0.4,21.92818638,69.79531274743204,15.109475479370143
0.3,0.4,69.46062476,69.79531274743204,15.109475479370143
0.3,0.4,50.96029447,69.79531274743204,15.109475479370143
0.3,0.4,85.32048421,69.79531274743204,15.109475479370143
0.3,0.4,84.39727676,69.79531274743204,15.109475479370143
0.3,0.4,86.06401719,69.79531274743204,15.109475479370143
0.3,0.4,51.75137688,69.79531274743204,15.109475479370143
0.3,0.4,11.90299416,69.79531274743204,15.109475479370143
0.3,0.4,86.6828549,69.79531274743204,15.109475479370143
0.3,0.4,58.39135976,69.79531274743204,15.109475479370143
0.3,0.4,64.15953725,69.79531274743204,15.109475479370143
0.3,0.4,52.52153872,96.26866909345699,12.225510027001866
0.3,0.4,80.70375026,96.26866909345699,12.225510027001866
0.3,0.4,52.86278119,96.26866909345699,12.225510027001866
0.3,0.4,51.50143154,96.26866909345699,12.225510027001866
0.3,0.4,76.47065005,96.26866909345699,12.225510027001866
0.3,0.4,48.00847028,96.26866909345699,12.225510027001866
0.3,0.4,25.93261643,96.26866909345699,12.225510027001866
0.3,0.4,36.40452439,96.26866909345699,12.225510027001866
0.3,0.4,55.88593397,96.26866909345699,12.225510027001866
0.3,0.4,32.56634796,96.26866909345699,12.225510027001866
0.3,0.4,61.26741837,96.26866909345699,12.225510027001866
0.3,0.4,79.42193753,96.26866909345699,12.225510027001866
0.3,0.4,30.98038811,96.26866909345699,12.225510027001866
0.3,0.4,48.34515712,96.26866909345699,12.225510027001866
0.3,0.4,37.62796356,96.26866909345699,12.225510027001866
0.3,0.4,36.14992957,96.26866909345699,12.225510027001866
0.3,0.4,43.80071749,96.26866909345699,12.225510027001866
0.3,0.4,106.2707239,96.26866909345699,12.225510027001866
0.3,0.4,73.00781509,96.26866909345699,12.225510027001866
0.3,0.4,43.68402433,96.26866909345699,12.225510027001866
0.3,0.4,22.67472721,96.26866909345699,12.225510027001866
0.3,0.4,39.34670618,96.26866909345699,12.225510027001866
0.3,0.4,19.0082611,96.26866909345699,12.225510027001866
0.3,0.4,14.1750798,96.26866909345699,12.225510027001866
0.3,0.6,49.35796714,85.09531846078971,15.256153272727271
0.3,0.6,31.28040857,85.09531846078971,15.256153272727271
0.3,0.6,28.70870332,85.09531846078971,15.256153272727271
0.3,0.6,25.73369494,85.09531846078971,15.256153272727271
0.3,0.6,30.49504837,85.09531846078971,15.256153272727271
0.3,0.6,29.48562503,85.09531846078971,15.256153272727271
0.3,0.6,29.45055782,85.09531846078971,15.256153272727271
0.3,0.6,14.52322244,85.09531846078971,15.256153272727271
0.3,0.6,56.33784898,85.09531846078971,15.256153272727271
0.3,0.6,48.3831259,85.09531846078971,15.256153272727271
0.3,0.6,25.96544236,85.09531846078971,15.256153272727271
0.3,0.6,97.6931663,85.09531846078971,15.256153272727271
0.3,0.6,19.90316442,85.09531846078971,15.256153272727271
0.3,0.6,31.13062468,85.09531846078971,15.256153272727271
0.3,0.6,27.79856361,85.09531846078971,15.256153272727271
0.3,0.6,35.08985438,85.09531846078971,15.256153272727271
0.3,0.6,57.26529863,85.09531846078971,15.256153272727271
0.3,0.6,22.06401052,85.09531846078971,15.256153272727271
0.3,0.6,27.32506129,85.09531846078971,15.256153272727271
0.3,0.6,32.71051679,85.09531846078971,15.256153272727271
0.3,0.6,164.4902967,85.09531846078971,15.256153272727271
0.3,0.6,101.8296425,85.09531846078971,15.256153272727271
0.3,0.6,35.25211531,85.09531846078971,15.256153272727271
0.3,0.6,45.26948362,85.09531846078971,15.256153272727271
0.3,0.6,108.0020216,91.27638610135546,14.956439392209333
0.3,0.6,57.67555388,91.27638610135546,14.956439392209333
0.3,0.6,56.77075859,91.27638610135546,14.956439392209333
0.3,0.6,55.82146678,91.27638610135546,14.956439392209333
0.3,0.6,28.16016914,91.27638610135546,14.956439392209333
0.3,0.6,95.24634356,91.27638610135546,14.956439392209333
0.3,0.6,95.80321516,91.27638610135546,14.956439392209333
0.3,0.6,17.49649756,91.27638610135546,14.956439392209333
0.3,0.6,99.01442062,91.27638610135546,14.956439392209333
0.3,0.6,48.74667568,91.27638610135546,14.956439392209333
0.3,0.6,73.0021265,91.27638610135546,14.956439392209333
0.3,0.6,49.24382817,91.27638610135546,14.956439392209333
0.3,0.6,13.17460355,91.27638610135546,14.956439392209333
0.3,0.6,59.30210328,91.27638610135546,14.956439392209333
0.3,0.6,18.63154364,91.27638610135546,14.956439392209333
0.3,0.6,36.66876323,91.27638610135546,14.956439392209333
0.3,0.6,25.26064757,91.27638610135546,14.956439392209333
0.3,0.6,128.5142749,91.27638610135546,14.956439392209333
0.3,0.6,26.56223638,91.27638610135546,14.956439392209333
0.3,0.6,74.10794637,91.27638610135546,14.956439392209333
0.3,0.6,38.56048353,91.27638610135546,14.956439392209333
0.3,0.6,12.17777235,91.27638610135546,14.956439392209333
0.3,0.6,42.62771798,91.27638610135546,14.956439392209333
0.3,0.6,19.53540997,91.27638610135546,14.956439392209333
0.3,0.8,56.49999533,89.13129994325755,16.98073363992792
0.3,0.8,50.56614157,89.13129994325755,16.98073363992792
0.3,0.8,23.31771244,89.13129994325755,16.98073363992792
0.3,0.8,64.96292934,89.13129994325755,16.98073363992792
0.3,0.8,30.60571073,89.13129994325755,16.98073363992792
0.3,0.8,17.86977214,89.13129994325755,16.98073363992792
0.3,0.8,30.77295669,89.13129994325755,16.98073363992792
0.3,0.8,28.21136165,89.13129994325755,16.98073363992792
0.3,0.8,45.64706654,89.13129994325755,16.98073363992792
0.3,0.8,23.30108745,89.13129994325755,16.98073363992792
0.3,0.8,79.2695651,89.13129994325755,16.98073363992792
0.3,0.8,14.03810335,89.13129994325755,16.98073363992792
0.3,0.8,56.1465552,89.13129994325755,16.98073363992792
0.3,0.8,65.52429504,89.13129994325755,16.98073363992792
0.3,0.8,24.47510553,89.13129994325755,16.98073363992792
0.3,0.8,40.50704745,89.13129994325755,16.98073363992792
0.3,0.8,65.70437375,89.13129994325755,16.98073363992792
0.3,0.8,43.68185141,89.13129994325755,16.98073363992792
0.3,0.8,90.40764324,89.13129994325755,16.98073363992792
0.3,0.8,24.37454587,89.13129994325755,16.98073363992792
0.3,0.8,12.25415764,89.13129994325755,16.98073363992792
0.3,0.8,48.57183172,89.13129994325755,16.98073363992792
0.3,0.8,40.96833982,89.13129994325755,16.98073363992792
0.3,0.8,113.9189557,89.13129994325755,16.98073363992792
0.4,0.2,24.37649766,70.32238089898237,11.820430559082936
0.4,0.2,36.6560049,70.32238089898237,11.820430559082936
0.4,0.2,39.29836352,70.32238089898237,11.820430559082936
0.4,0.2,22.72576462,70.32238089898237,11.820430559082936
0.4,0.2,15.1773721,70.32238089898237,11.820430559082936
0.4,0.2,76.65999684,70.32238089898237,11.820430559082936
0.4,0.2,39.28539476,70.32238089898237,11.820430559082936
0.4,0.2,38.47023787,70.32238089898237,11.820430559082936
0.4,0.2,49.76667019,70.32238089898237,11.820430559082936
0.4,0.2,20.63702531,70.32238089898237,11.820430559082936
0.4,0.2,53.30659021,70.32238089898237,11.820430559082936
0.4,0.2,71.54007163,70.32238089898237,11.820430559082936
0.4,0.2,25.95872916,70.32238089898237,11.820430559082936
0.4,0.2,16.68910145,70.32238089898237,11.820430559082936
0.4,0.2,48.14500897,70.32238089898237,11.820430559082936
0.4,0.2,11.33710265,70.32238089898237,11.820430559082936
0.4,0.2,24.29299553,70.32238089898237,11.820430559082936
0.4,0.2,25.86546024,70.32238089898237,11.820430559082936
0.4,0.2,14.32898975,70.32238089898237,11.820430559082936
0.4,0.2,92.36720035,70.32238089898237,11.820430559082936
0.4,0.2,30.25532263,70.32238089898237,11.820430559082936
0.4,0.2,47.96248938,70.32238089898237,11.820430559082936
0.4,0.2,18.24732821,70.32238089898237,11.820430559082936
0.4,0.2,39.91250969,70.32238089898237,11.820430559082936
0.4,0.2,35.50107456,75.0543402411422,13.20712494932222
0.4,0.2,26.66097256,75.0543402411422,13.20712494932222
0.4,0.2,21.49902433,75.0543402411422,13.20712494932222
0.4,0.2,69.21183856,75.0543402411422,13.20712494932222
0.4,0.2,18.6487993,75.0543402411422,13.20712494932222
0.4,0.2,41.73405078,75.0543402411422,13.20712494932222
0.4,0.2,25.33230275,75.0543402411422,13.20712494932222
0.4,0.2,56.23834939,75.0543402411422,13.20712494932222
0.4,0.2,47.19911334,75.0543402411422,13.20712494932222
0.4,0.2,30.17372028,75.0543402411422,13.20712494932222
0.4,0.2,21.65285395,75.0543402411422,13.20712494932222
0.4,0.2,38.58870469,75.0543402411422,13.20712494932222
0.4,0.2,23.74709969,75.0543402411422,13.20712494932222
0.4,0.2,65.09473556,75.0543402411422,13.20712494932222
0.4,0.2,10.46780166,75.0543402411422,13.20712494932222
0.4,0.2,29.63946259,75.0543402411422,13.20712494932222
0.4,0.2,20.50119369,75.0543402411422,13.20712494932222
0.4,0.2,74.31976714,75.0543402411422,13.20712494932222
0.4,0.2,65.22680671,75.0543402411422,13.20712494932222
0.4,0.2,26.89566234,75.0543402411422,13.20712494932222
0.4,0.2,19.28376487,75.0543402411422,13.20712494932222
0.4,0.2,19.02024765,75.0543402411422,13.20712494932222
0.4,0.2,59.85861526,75.0543402411422,13.20712494932222
0.4,0.2,14.5365901,75.0543402411422,13.20712494932222
0.4,0.4,12.84495209,60.79537299864933,15.283129945182951
0.4,0.4,21.71659647,60.79537299864933,15.283129945182951
0.4,0.4,20.28263998,60.79537299864933,15.283129945182951
0.4,0.4,42.09267356,60.79537299864933,15.283129945182951
0.4,0.4,24.16807139,60.79537299864933,15.283129945182951
0.4,0.4,28.55112112,60.79537299864933,15.283129945182951
0.4,0.4,61.94322711,60.79537299864933,15.283129945182951
0.4,0.4,10.0620362,60.79537299864933,15.283129945182951
0.4,0.4,51.20447124,60.79537299864933,15.283129945182951
0.4,0.4,31.15176348,60.79537299864933,15.283129945182951
0.4,0.4,24.54103284,60.79537299864933,15.283129945182951
0.4,0.4,9.800568254,60.79537299864933,15.283129945182951
0.4,0.4,34.75028427,60.79537299864933,15.283129945182951
0.4,0.4,21.49230009,60.79537299864933,15.283129945182951
0.4,0.4,20.08244671,60.79537299864933,15.283129945182951
0.4,0.4,20.70973279,60.79537299864933,15.283129945182951
0.4,0.4,29.30861871,60.79537299864933,15.283129945182951
0.4,0.4,31.85363926,60.79537299864933,15.283129945182951
0.4,0.4,47.692962,60.79537299864933,15.283129945182951
0.4,0.4,40.07243091,60.79537299864933,15.283129945182951
0.4,0.4,19.09116859,60.79537299864933,15.283129945182951
0.4,0.4,36.47074057,60.79537299864933,15.283129945182951
0.4,0.4,15.5054654,60.79537299864933,15.283129945182951
0.4,0.4,15.59693686,60.79537299864933,15.283129945182951
0.4,0.4,34.9552645,72.71135611333375,13.647830583398347
0.4,0.4,71.56044151,72.71135611333375,13.647830583398347
0.4,0.4,49.57634231,72.71135611333375,13.647830583398347
0.4,0.4,21.82158262,72.71135611333375,13.647830583398347
0.4,0.4,18.8730021,72.71135611333375,13.647830583398347
0.4,0.4,41.47859227,72.71135611333375,13.647830583398347
0.4,0.4,44.75816859,72.71135611333375,13.647830583398347
0.4,0.4,32.04682791,72.71135611333375,13.647830583398347
0.4,0.4,38.24199231,72.71135611333375,13.647830583398347
0.4,0.4,36.09801946,72.71135611333375,13.647830583398347
0.4,0.4,19.47549191,72.71135611333375,13.647830583398347
0.4,0.4,71.35218848,72.71135611333375,13.647830583398347
0.4,0.4,34.02768181,72.71135611333375,13.647830583398347
0.4,0.4,18.63229699,72.71135611333375,13.647830583398347
0.4,0.4,21.8997385,72.71135611333375,13.647830583398347
0.4,0.4,36.65966695,72.71135611333375,13.647830583398347
0.4,0.4,54.41284916,72.71135611333375,13.647830583398347
0.4,0.4,29.59466737,72.71135611333375,13.647830583398347
0.4,0.4,25.70715391,72.71135611333375,13.647830583398347
0.4,0.4,59.73023785,72.71135611333375,13.647830583398347
0.4,0.4,28.4285771,72.71135611333375,13.647830583398347
0.4,0.4,19.90782726,72.71135611333375,13.647830583398347
0.4,0.4,28.02861361,72.71135611333375,13.647830583398347
0.4,0.4,67.80292872,72.71135611333375,13.647830583398347
0.4,0.6,21.80294757,77.72079530904011,14.27313626493158
0.4,0.6,26.30886301,77.72079530904011,14.27313626493158
0.4,0.6,23.73081998,77.72079530904011,14.27313626493158
0.4,0.6,14.35743056,77.72079530904011,14.27313626493158
0.4,0.6,65.38482679,77.72079530904011,14.27313626493158
0.4,0.6,25.67037897,77.72079530904011,14.27313626493158
0.4,0.6,63.37886194,77.72079530904011,14.27313626493158
0.4,0.6,25.84491057,77.72079530904011,14.27313626493158
0.4,0.6,19.25593434,77.72079530904011,14.27313626493158
0.4,0.6,63.68463996,77.72079530904011,14.27313626493158
0.4,0.6,35.1512176,77.72079530904011,14.27313626493158
0.4,0.6,36.19144227,77.72079530904011,14.27313626493158
0.4,0.6,43.27524654,77.72079530904011,14.27313626493158
0.4,0.6,49.71655526,77.72079530904011,14.27313626493158
0.4,0.6,25.88835407,77.72079530904011,14.27313626493158
0.4,0.6,33.26533766,77.72079530904011,14.27313626493158
0.4,0.6,37.21170626,77.72079530904011,14.27313626493158
0.4,0.6,23.59983377,77.72079530904011,14.27313626493158
0.4,0.6,20.43921639,77.72079530904011,14.27313626493158
0.4,0.6,22.14953129,77.72079530904011,14.27313626493158
0.4,0.6,52.08114636,77.72079530904011,14.27313626493158
0.4,0.6,40.79042584,77.72079530904011,14.27313626493158
0.4,0.6,33.53880999,77.72079530904011,14.27313626493158
0.4,0.6,67.10806552,77.72079530904011,14.27313626493158
0.4,0.6,23.36764136,81.67036278167689,15.244343599415943
0.4,0.6,30.29714849,81.67036278167689,15.244343599415943
0.4,0.6,24.66379729,81.67036278167689,15.244343599415943
0.4,0.6,16.82912154,81.67036278167689,15.244343599415943
0.4,0.6,24.79085419,81.67036278167689,15.244343599415943
0.4,0.6,32.63926479,81.67036278167689,15.244343599415943
0.4,0.6,26.55698083,81.67036278167689,15.244343599415943
0.4,0.6,24.7014702,81.67036278167689,15.244343599415943
0.4,0.6,52.91926042,81.67036278167689,15.244343599415943
0.4,0.6,33.74191361,81.67036278167689,15.244343599415943
0.4,0.6,12.76031839,81.67036278167689,15.244343599415943
0.4,0.6,27.323168,81.67036278167689,15.244343599415943
0.4,0.6,45.71493989,81.67036278167689,15.244343599415943
0.4,0.6,24.30947593,81.67036278167689,15.244343599415943
0.4,0.6,37.28463181,81.67036278167689,15.244343599415943
0.4,0.6,40.4758332,81.67036278167689,15.244343599415943
0.4,0.6,66.4130669,81.67036278167689,15.244343599415943
0.4,0.6,13.19159786,81.67036278167689,15.244343599415943
0.4,0.6,13.46595033,81.67036278167689,15.244343599415943
0.4,0.6,37.16152239,81.67036278167689,15.244343599415943
0.4,0.6,22.92685407,81.67036278167689,15.244343599415943
0.4,0.6,84.36968302,81.67036278167689,15.244343599415943
0.4,0.6,23.52969392,81.67036278167689,15.244343599415943
0.4,0.6,28.56212315,81.67036278167689,15.244343599415943
0.4,0.8,65.5490949,61.94001179353836,18.326991244608223
0.4,0.8,24.63969972,61.94001179353836,18.326991244608223
0.4,0.8,34.11122932,61.94001179353836,18.326991244608223
0.4,0.8,23.00152998,61.94001179353836,18.326991244608223
0.4,0.8,29.01182397,61.94001179353836,18.326991244608223
0.4,0.8,54.6683782,61.94001179353836,18.326991244608223
0.4,0.8,98.59892744,61.94001179353836,18.326991244608223
0.4,0.8,29.97864584,61.94001179353836,18.326991244608223
0.4,0.8,18.60779227,61.94001179353836,18.326991244608223
0.4,0.8,19.67050918,61.94001179353836,18.326991244608223
0.4,0.8,62.61677881,61.94001179353836,18.326991244608223
0.4,0.8,13.80037759,61.94001179353836,18.326991244608223
0.4,0.8,50.08652891,61.94001179353836,18.326991244608223
0.4,0.8,39.11351853,61.94001179353836,18.326991244608223
0.4,0.8,15.8940746,61.94001179353836,18.326991244608223
0.4,0.8,36.09674995,61.94001179353836,18.326991244608223
0.4,0.8,51.81711887,61.94001179353836,18.326991244608223
0.4,0.8,20.37118671,61.94001179353836,18.326991244608223
0.4,0.8,43.20782552,61.94001179353836,18.326991244608223
0.4,0.8,84.50556947,61.94001179353836,18.326991244608223
0.4,0.8,14.28384844,61.94001179353836,18.326991244608223
0.4,0.8,33.69452177,61.94001179353836,18.326991244608223
0.4,0.8,40.11017208,61.94001179353836,18.326991244608223
0.4,0.8,51.86109847,61.94001179353836,18.326991244608223
0.4,0.8,64.5694744,82.70974291320454,16.77422934431239
0.4,0.8,24.46708831,82.70974291320454,16.77422934431239
0.4,0.8,12.02040735,82.70974291320454,16.77422934431239
0.4,0.8,66.35632688,82.70974291320454,16.77422934431239
0.4,0.8,108.8958194,82.70974291320454,16.77422934431239
0.4,0.8,21.08604943,82.70974291320454,16.77422934431239
0.4,0.8,28.51691067,82.70974291320454,16.77422934431239
0.4,0.8,75.41292423,82.70974291320454,16.77422934431239
0.4,0.8,61.69389743,82.70974291320454,16.77422934431239
0.4,0.8,35.82352597,82.70974291320454,16.77422934431239
0.4,0.8,58.12312355,82.70974291320454,16.77422934431239
0.4,0.8,43.2837488,82.70974291320454,16.77422934431239
0.4,0.8,38.60806023,82.70974291320454,16.77422934431239
0.4,0.8,14.17302868,82.70974291320454,16.77422934431239
0.4,0.8,55.4821143,82.70974291320454,16.77422934431239
0.4,0.8,26.43117015,82.70974291320454,16.77422934431239
0.4,0.8,13.02023592,82.70974291320454,16.77422934431239
0.4,0.8,32.57558798,82.70974291320454,16.77422934431239
0.4,0.8,26.26094882,82.70974291320454,16.77422934431239
0.4,0.8,39.64313639,82.70974291320454,16.77422934431239
0.4,0.8,23.4324697,82.70974291320454,16.77422934431239
0.4,0.8,57.30625966,82.70974291320454,16.77422934431239
0.4,0.8,20.96358185,82.70974291320454,16.77422934431239
0.4,0.8,43.33177767,82.70974291320454,16.77422934431239
0.6,0.2,20.46963371,37.637099222965844,14.049676370315606
0.6,0.2,53.65222132,37.637099222965844,14.049676370315606
0.6,0.2,26.11307688,37.637099222965844,14.049676370315606
0.6,0.2,29.83087705,37.637099222965844,14.049676370315606
0.6,0.2,32.31434133,37.637099222965844,14.049676370315606
0.6,0.2,43.27788984,37.637099222965844,14.049676370315606
0.6,0.2,26.09969496,37.637099222965844,14.049676370315606
0.6,0.2,31.36136555,37.637099222965844,14.049676370315606
0.6,0.2,12.28692542,37.637099222965844,14.049676370315606
0.6,0.2,22.44469034,37.637099222965844,14.049676370315606
0.6,0.2,14.43280469,37.637099222965844,14.049676370315606
0.6,0.2,49.42846312,37.637099222965844,14.049676370315606
0.6,0.2,26.53093702,37.637099222965844,14.049676370315606
0.6,0.2,31.59384177,37.637099222965844,14.049676370315606
0.6,0.2,18.77524953,37.637099222965844,14.049676370315606
0.6,0.2,16.65281694,37.637099222965844,14.049676370315606
0.6,0.2,14.55607343,37.637099222965844,14.049676370315606
0.6,0.2,13.17309135,37.637099222965844,14.049676370315606
0.6,0.2,18.09897085,37.637099222965844,14.049676370315606
0.6,0.2,20.41968288,37.637099222965844,14.049676370315606
0.6,0.2,14.76207256,37.637099222965844,14.049676370315606
0.6,0.2,37.880724,37.637099222965844,14.049676370315606
0.6,0.2,64.73672976,37.637099222965844,14.049676370315606
0.6,0.2,18.36964856,37.637099222965844,14.049676370315606
0.6,0.4,20.99884251,59.0887364721857,16.109872049053887
0.6,0.4,22.39961384,59.0887364721857,16.109872049053887
0.6,0.4,26.11007883,59.0887364721857,16.109872049053887
0.6,0.4,13.81764786,59.0887364721857,16.109872049053887
0.6,0.4,14.83033803,59.0887364721857,16.109872049053887
0.6,0.4,10.60437634,59.0887364721857,16.109872049053887
0.6,0.4,81.559341,59.0887364721857,16.109872049053887
0.6,0.4,30.8822838,59.0887364721857,16.109872049053887
0.6,0.4,20.88135075,59.0887364721857,16.109872049053887
0.6,0.4,33.82627904,59.0887364721857,16.109872049053887
0.6,0.4,15.38480567,59.0887364721857,16.109872049053887
0.6,0.4,26.16391245,59.0887364721857,16.109872049053887
0.6,0.4,22.44506326,59.0887364721857,16.109872049053887
0.6,0.4,37.12982244,59.0887364721857,16.109872049053887
0.6,0.4,40.02090885,59.0887364721857,16.109872049053887
0.6,0.4,7.098673118,59.0887364721857,16.109872049053887
0.6,0.4,22.43092341,59.0887364721857,16.109872049053887
0.6,0.4,37.39538514,59.0887364721857,16.109872049053887
0.6,0.4,18.82257907,59.0887364721857,16.109872049053887
0.6,0.4,84.60285164,59.0887364721857,16.109872049053887
0.6,0.4,18.42529114,59.0887364721857,16.109872049053887
0.6,0.4,13.72517728,59.0887364721857,16.109872049053887
0.6,0.4,28.26600086,59.0887364721857,16.109872049053887
0.6,0.4,48.8011848,59.0887364721857,16.109872049053887
0.6,0.6,47.64276442,62.86136726091718,16.0375185285184
0.6,0.6,18.25893466,62.86136726091718,16.0375185285184
0.6,0.6,19.26723341,62.86136726091718,16.0375185285184
0.6,0.6,33.30601058,62.86136726091718,16.0375185285184
0.6,0.6,29.10680784,62.86136726091718,16.0375185285184
0.6,0.6,20.89621598,62.86136726091718,16.0375185285184
0.6,0.6,48.68787612,62.86136726091718,16.0375185285184
0.6,0.6,44.07553678,62.86136726091718,16.0375185285184
0.6,0.6,22.69036964,62.86136726091718,16.0375185285184
0.6,0.6,42.78040058,62.86136726091718,16.0375185285184
0.6,0.6,10.92934681,62.86136726091718,16.0375185285184
0.6,0.6,20.3906468,62.86136726091718,16.0375185285184
0.6,0.6,24.01798588,62.86136726091718,16.0375185285184
0.6,0.6,20.50348312,62.86136726091718,16.0375185285184
0.6,0.6,12.27015012,62.86136726091718,16.0375185285184
0.6,0.6,24.21160971,62.86136726091718,16.0375185285184
0.6,0.6,40.52790262,62.86136726091718,16.0375185285184
0.6,0.6,39.87862054,62.86136726091718,16.0375185285184
0.6,0.6,16.13412401,62.86136726091718,16.0375185285184
0.6,0.6,47.56857657,62.86136726091718,16.0375185285184
0.6,0.6,73.8189096,62.86136726091718,16.0375185285184
0.6,0.6,56.76375724,62.86136726091718,16.0375185285184
0.6,0.6,36.3031069,62.86136726091718,16.0375185285184
0.6,0.6,20.04283419,62.86136726091718,16.0375185285184
0.6,0.6,38.73458167,59.30740191639961,16.257885765141303
0.6,0.6,23.75438686,59.30740191639961,16.257885765141303
0.6,0.6,8.886401982,59.30740191639961,16.257885765141303
0.6,0.6,43.4519604,59.30740191639961,16.257885765141303
0.6,0.6,41.17853576,59.30740191639961,16.257885765141303
0.6,0.6,16.32890534,59.30740191639961,16.257885765141303
0.6,0.6,67.54900869,59.30740191639961,16.257885765141303
0.6,0.6,16.07961942,59.30740191639961,16.257885765141303
0.6,0.6,42.73104437,59.30740191639961,16.257885765141303
0.6,0.6,31.08826984,59.30740191639961,16.257885765141303
0.6,0.6,32.90225814,59.30740191639961,16.257885765141303
0.6,0.6,21.94792471,59.30740191639961,16.257885765141303
0.6,0.6,49.47001389,59.30740191639961,16.257885765141303
0.6,0.6,32.79068614,59.30740191639961,16.257885765141303
0.6,0.6,28.82054159,59.30740191639961,16.257885765141303
0.6,0.6,22.14231663,59.30740191639961,16.257885765141303
0.6,0.6,23.12233973,59.30740191639961,16.257885765141303
0.6,0.6,44.00631318,59.30740191639961,16.257885765141303
0.6,0.6,18.76338217,59.30740191639961,16.257885765141303
0.6,0.6,9.319325334,59.30740191639961,16.257885765141303
0.6,0.6,60.34310076,59.30740191639961,16.257885765141303
0.6,0.6,19.28566938,59.30740191639961,16.257885765141303
0.6,0.6,26.61646606,59.30740191639961,16.257885765141303
0.6,0.6,26.53692597,59.30740191639961,16.257885765141303
0.6,0.6,31.42637084,58.057091736105576,17.008684389004028
0.6,0.6,26.78255073,58.057091736105576,17.008684389004028
0.6,0.6,17.89706071,58.057091736105576,17.008684389004028
0.6,0.6,23.28299255,58.057091736105576,17.008684389004028
0.6,0.6,21.15292971,58.057091736105576,17.008684389004028
0.6,0.6,20.73699751,58.057091736105576,17.008684389004028
0.6,0.6,22.9819973,58.057091736105576,17.008684389004028
0.6,0.6,19.87837514,58.057091736105576,17.008684389004028
0.6,0.6,11.17155507,58.057091736105576,17.008684389004028
0.6,0.6,12.94879256,58.057091736105576,17.008684389004028
0.6,0.6,43.30461402,58.057091736105576,17.008684389004028
0.6,0.6,38.95175647,58.057091736105576,17.008684389004028
0.6,0.6,21.06441158,58.057091736105576,17.008684389004028
0.6,0.6,15.34316447,58.057091736105576,17.008684389004028
0.6,0.6,37.91516141,58.057091736105576,17.008684389004028
0.6,0.6,20.22146961,58.057091736105576,17.008684389004028
0.6,0.6,24.66801553,58.057091736105576,17.008684389004028
0.6,0.6,18.93229853,58.057091736105576,17.008684389004028
0.6,0.6,33.11448963,58.057091736105576,17.008684389004028
0.6,0.6,9.832098286,58.057091736105576,17.008684389004028
0.6,0.6,22.0465016,58.057091736105576,17.008684389004028
0.6,0.6,32.86515586,58.057091736105576,17.008684389004028
0.6,0.6,13.1416978,58.057091736105576,17.008684389004028
0.6,0.6,35.04598444,58.057091736105576,17.008684389004028
0.8,0.2,18.54504148,30.280131015482766,16.366938131250297
0.8,0.2,16.72521662,30.280131015482766,16.366938131250297
0.8,0.2,24.65174512,30.280131015482766,16.366938131250297
0.8,0.2,17.29857025,30.280131015482766,16.366938131250297
0.8,0.2,36.09888545,30.280131015482766,16.366938131250297
0.8,0.2,12.79586881,30.280131015482766,16.366938131250297
0.8,0.2,47.48997712,30.280131015482766,16.366938131250297
0.8,0.2,11.7198851,30.280131015482766,16.366938131250297
0.8,0.2,20.32095162,30.280131015482766,16.366938131250297
0.8,0.2,9.71243843,30.280131015482766,16.366938131250297
0.8,0.2,7.904621474,30.280131015482766,16.366938131250297
0.8,0.2,17.67164672,30.280131015482766,16.366938131250297
0.8,0.2,43.599131,30.280131015482766,16.366938131250297
0.8,0.2,17.39111788,30.280131015482766,16.366938131250297
0.8,0.2,20.84387857,30.280131015482766,16.366938131250297
0.8,0.2,28.32609088,30.280131015482766,16.366938131250297
0.8,0.2,14.13685495,30.280131015482766,16.366938131250297
0.8,0.2,31.75925362,30.280131015482766,16.366938131250297
0.8,0.2,18.01539522,30.280131015482766,16.366938131250297
0.8,0.2,24.49618666,30.280131015482766,16.366938131250297
0.8,0.2,34.13999998,30.280131015482766,16.366938131250297
0.8,0.2,35.20061034,30.280131015482766,16.366938131250297
0.8,0.2,22.0134375,30.280131015482766,16.366938131250297
0.8,0.2,39.05850868,30.280131015482766,16.366938131250297
0.8,0.2,23.59652268,33.70801262866735,15.984451894222595
0.8,0.2,13.52136107,33.70801262866735,15.984451894222595
0.8,0.2,20.47958871,33.70801262866735,15.984451894222595
0.8,0.2,18.26971984,33.70801262866735,15.984451894222595
0.8,0.2,31.32361612,33.70801262866735,15.984451894222595
0.8,0.2,26.30396692,33.70801262866735,15.984451894222595
0.8,0.2,13.34218685,33.70801262866735,15.984451894222595
0.8,0.2,43.33992702,33.70801262866735,15.984451894222595
0.8,0.2,18.25887631,33.70801262866735,15.984451894222595
0.8,0.2,12.74948495,33.70801262866735,15.984451894222595
0.8,0.2,32.95041066,33.70801262866735,15.984451894222595
0.8,0.2,13.10211124,33.70801262866735,15.984451894222595
0.8,0.2,19.24633558,33.70801262866735,15.984451894222595
0.8,0.2,22.85738569,33.70801262866735,15.984451894222595
0.8,0.2,17.77221703,33.70801262866735,15.984451894222595
0.8,0.2,15.02032995,33.70801262866735,15.984451894222595
0.8,0.2,6.51414291,33.70801262866735,15.984451894222595
0.8,0.2,22.73712041,33.70801262866735,15.984451894222595
0.8,0.2,30.44209286,33.70801262866735,15.984451894222595
0.8,0.2,21.34851622,33.70801262866735,15.984451894222595
0.8,0.2,23.29568298,33.70801262866735,15.984451894222595
0.8,0.2,13.67080645,33.70801262866735,15.984451894222595
0.8,0.2,17.28567502,33.70801262866735,15.984451894222595
0.8,0.2,19.33157335,33.70801262866735,15.984451894222595
0.8,0.2,30.07081394,21.758812732512524,15.412449693528274
0.8,0.2,21.02528826,21.758812732512524,15.412449693528274
0.8,0.2,17.48123804,21.758812732512524,15.412449693528274
0.8,0.2,23.28162512,21.758812732512524,15.412449693528274
0.8,0.2,12.09933048,21.758812732512524,15.412449693528274
0.8,0.2,38.36662428,21.758812732512524,15.412449693528274
0.8,0.2,12.88063719,21.758812732512524,15.412449693528274
0.8,0.2,24.84702922,21.758812732512524,15.412449693528274
0.8,0.2,28.00765472,21.758812732512524,15.412449693528274
0.8,0.2,41.19844062,21.758812732512524,15.412449693528274
0.8,0.2,16.53726058,21.758812732512524,15.412449693528274
0.8,0.2,20.88074642,21.758812732512524,15.412449693528274
0.8,0.2,12.02549942,21.758812732512524,15.412449693528274
0.8,0.2,23.12266262,21.758812732512524,15.412449693528274
0.8,0.2,16.79680186,21.758812732512524,15.412449693528274
0.8,0.2,16.82100304,21.758812732512524,15.412449693528274
0.8,0.2,34.7776989,21.758812732512524,15.412449693528274
0.8,0.2,28.54692346,21.758812732512524,15.412449693528274
0.8,0.2,17.63792666,21.758812732512524,15.412449693528274
0.8,0.2,15.18454458,21.758812732512524,15.412449693528274
0.8,0.2,20.80920276,21.758812732512524,15.412449693528274
0.8,0.2,13.00051527,21.758812732512524,15.412449693528274
0.8,0.2,29.31630476,21.758812732512524,15.412449693528274
0.8,0.2,23.0603537,21.758812732512524,15.412449693528274
0.8,0.2,26.80394212,24.630944837153947,15.683462711168518
0.8,0.2,14.97311372,24.630944837153947,15.683462711168518
0.8,0.2,22.52304857,24.630944837153947,15.683462711168518
0.8,0.2,17.28891622,24.630944837153947,15.683462711168518
0.8,0.2,20.10392861,24.630944837153947,15.683462711168518
0.8,0.2,20.46688612,24.630944837153947,15.683462711168518
0.8,0.2,27.33303156,24.630944837153947,15.683462711168518
0.8,0.2,12.00151885,24.630944837153947,15.683462711168518
0.8,0.2,41.08239284,24.630944837153947,15.683462711168518
0.8,0.2,19.78747531,24.630944837153947,15.683462711168518
0.8,0.2,14.77949548,24.630944837153947,15.683462711168518
0.8,0.2,64.78039802,24.630944837153947,15.683462711168518
0.8,0.2,54.1579348,24.630944837153947,15.683462711168518
0.8,0.2,9.44286038,24.630944837153947,15.683462711168518
0.8,0.2,21.88941302,24.630944837153947,15.683462711168518
0.8,0.2,40.45032842,24.630944837153947,15.683462711168518
0.8,0.2,29.4365114,24.630944837153947,15.683462711168518
0.8,0.2,35.6163687,24.630944837153947,15.683462711168518
0.8,0.2,20.99167198,24.630944837153947,15.683462711168518
0.8,0.2,15.79665866,24.630944837153947,15.683462711168518
0.8,0.2,16.5664269,24.630944837153947,15.683462711168518
0.8,0.2,29.21860808,24.630944837153947,15.683462711168518
0.8,0.2,21.09536006,24.630944837153947,15.683462711168518
0.8,0.2,14.52585118,24.630944837153947,15.683462711168518
0.8,0.6,7.99341965,34.781023539517264,15.802087874553886
0.8,0.6,10.67768785,34.781023539517264,15.802087874553886
0.8,0.6,14.20674166,34.781023539517264,15.802087874553886
0.8,0.6,9.836019242,34.781023539517264,15.802087874553886
0.8,0.6,31.72321734,34.781023539517264,15.802087874553886
0.8,0.6,15.20457102,34.781023539517264,15.802087874553886
0.8,0.6,13.28729914,34.781023539517264,15.802087874553886
0.8,0.6,31.64786624,34.781023539517264,15.802087874553886
0.8,0.6,32.01235996,34.781023539517264,15.802087874553886
0.8,0.6,15.8606456,34.781023539517264,15.802087874553886
0.8,0.6,22.8418636,34.781023539517264,15.802087874553886
0.8,0.6,11.46944641,34.781023539517264,15.802087874553886
0.8,0.6,20.49451206,34.781023539517264,15.802087874553886
0.8,0.6,5.978432302,34.781023539517264,15.802087874553886
0.8,0.6,47.8839461,34.781023539517264,15.802087874553886
0.8,0.6,45.27701256,34.781023539517264,15.802087874553886
0.8,0.6,51.97370646,34.781023539517264,15.802087874553886
0.8,0.6,10.86402774,34.781023539517264,15.802087874553886
0.8,0.6,18.8717901,34.781023539517264,15.802087874553886
0.8,0.6,14.74530964,34.781023539517264,15.802087874553886
0.8,0.6,15.13504591,34.781023539517264,15.802087874553886
0.8,0.6,12.90888676,34.781023539517264,15.802087874553886
0.8,0.6,28.31181866,34.781023539517264,15.802087874553886
0.8,0.6,20.07629081,34.781023539517264,15.802087874553886
0.8,0.8,30.64885492,49.44069739713814,17.305234000321054
0.8,0.8,84.38289468,49.44069739713814,17.305234000321054
0.8,0.8,22.44109813,49.44069739713814,17.305234000321054
0.8,0.8,19.85980995,49.44069739713814,17.305234000321054
0.8,0.8,19.13973347,49.44069739713814,17.305234000321054
0.8,0.8,35.54801316,49.44069739713814,17.305234000321054
0.8,0.8,25.20491012,49.44069739713814,17.305234000321054
0.8,0.8,27.65316952,49.44069739713814,17.305234000321054
0.8,0.8,10.35055927,49.44069739713814,17.305234000321054
0.8,0.8,32.1183796,49.44069739713814,17.305234000321054
0.8,0.8,27.37021948,49.44069739713814,17.305234000321054
0.8,0.8,19.78570788,49.44069739713814,17.305234000321054
0.8,0.8,19.27286159,49.44069739713814,17.305234000321054
0.8,0.8,22.7740649,49.44069739713814,17.305234000321054
0.8,0.8,23.21974592,49.44069739713814,17.305234000321054
0.8,0.8,26.37013463,49.44069739713814,17.305234000321054
0.8,0.8,29.36277454,49.44069739713814,17.305234000321054
0.8,0.8,9.504107806,49.44069739713814,17.305234000321054
0.8,0.8,68.25598562,49.44069739713814,17.305234000321054
0.8,0.8,16.49717171,49.44069739713814,17.305234000321054
0.8,0.8,17.81810076,49.44069739713814,17.305234000321054
0.8,0.8,35.94875304,49.44069739713814,17.305234000321054
0.8,0.8,16.53847132,49.44069739713814,17.305234000321054
0.8,0.8,21.7386017,49.44069739713814,17.305234000321054
