Comp,BID,acyl_true,acyl_pred,acyl_std
0.1,0.2,19.93312061,41.04755221769358,5.614271553366322
0.1,0.2,43.40631591,41.04755221769358,5.614271553366322
0.1,0.2,22.45123868,41.04755221769358,5.614271553366322
0.1,0.2,15.74510955,41.04755221769358,5.614271553366322
0.1,0.2,19.42199307,41.04755221769358,5.614271553366322
0.1,0.2,15.74986998,41.04755221769358,5.614271553366322
0.1,0.2,45.33788774,41.04755221769358,5.614271553366322
0.1,0.2,57.60353214,41.04755221769358,5.614271553366322
0.1,0.2,56.22807528,41.04755221769358,5.614271553366322
0.1,0.2,67.61541718,41.04755221769358,5.614271553366322
0.1,0.2,29.73332856,41.04755221769358,5.614271553366322
0.1,0.2,53.82513014,41.04755221769358,5.614271553366322
0.1,0.2,28.91342675,41.04755221769358,5.614271553366322
0.1,0.2,29.2775506,41.04755221769358,5.614271553366322
0.1,0.2,40.01610756,41.04755221769358,5.614271553366322
0.1,0.2,34.07851384,41.04755221769358,5.614271553366322
0.1,0.2,56.07970554,41.04755221769358,5.614271553366322
0.1,0.2,47.43047759,41.04755221769358,5.614271553366322
0.1,0.2,41.79774538,41.04755221769358,5.614271553366322
0.1,0.2,34.40097552,41.04755221769358,5.614271553366322
0.1,0.2,50.57785875,41.04755221769358,5.614271553366322
0.1,0.2,72.78498563,41.04755221769358,5.614271553366322
0.1,0.2,29.57526436,41.04755221769358,5.614271553366322
0.1,0.2,54.23835056,41.04755221769358,5.614271553366322
0.1,0.4,46.06867766,48.64359047906146,5.553773097664153
0.1,0.4,44.93582651,48.64359047906146,5.553773097664153
0.1,0.4,41.54799487,48.64359047906146,5.553773097664153
0.1,0.4,58.64451884,48.64359047906146,5.553773097664153
0.1,0.4,51.47677517,48.64359047906146,5.553773097664153
0.1,0.4,32.79090169,48.64359047906146,5.553773097664153
0.1,0.4,50.7769987,48.64359047906146,5.553773097664153
0.1,0.4,45.96142722,48.64359047906146,5.553773097664153
0.1,0.4,43.74293199,48.64359047906146,5.553773097664153
0.1,0.4,38.17564008,48.64359047906146,5.553773097664153
0.1,0.4,40.774759,48.64359047906146,5.553773097664153
0.1,0.4,29.24988636,48.64359047906146,5.553773097664153
0.1,0.4,48.46082662,48.64359047906146,5.553773097664153
0.1,0.4,50.38783424,48.64359047906146,5.553773097664153
0.1,0.4,33.61873943,48.64359047906146,5.553773097664153
0.1,0.4,38.3832541,48.64359047906146,5.553773097664153
0.1,0.4,33.37742971,48.64359047906146,5.553773097664153
0.1,0.4,38.07609359,48.64359047906146,5.553773097664153
0.1,0.4,42.84497442,48.64359047906146,5.553773097664153
0.1,0.4,38.5790624,48.64359047906146,5.553773097664153
0.1,0.4,57.1333777,48.64359047906146,5.553773097664153
0.1,0.4,71.28693847,48.64359047906146,5.553773097664153
0.1,0.4,36.31549252,48.64359047906146,5.553773097664153
0.1,0.4,35.22967365,48.64359047906146,5.553773097664153
0.1,0.6,25.19402472,48.79585946461293,5.948572509134471
0.1,0.6,57.61719577,48.79585946461293,5.948572509134471
0.1,0.6,28.73748115,48.79585946461293,5.948572509134471
0.1,0.6,39.13806169,48.79585946461293,5.948572509134471
0.1,0.6,34.81258959,48.79585946461293,5.948572509134471
0.1,0.6,37.35291322,48.79585946461293,5.948572509134471
0.1,0.6,23.52928391,48.79585946461293,5.948572509134471
0.1,0.6,41.58637335,48.79585946461293,5.948572509134471
0.1,0.6,65.81284614,48.79585946461293,5.948572509134471
0.1,0.6,63.02899286,48.79585946461293,5.948572509134471
0.1,0.6,75.80211708,48.79585946461293,5.948572509134471
0.1,0.6,31.44584088,48.79585946461293,5.948572509134471
0.1,0.6,51.37609564,48.79585946461293,5.948572509134471
0.1,0.6,57.79914234,48.79585946461293,5.948572509134471
0.1,0.6,21.84548385,48.79585946461293,5.948572509134471
0.1,0.6,56.2322194,48.79585946461293,5.948572509134471
0.1,0.6,39.5474633,48.79585946461293,5.948572509134471
0.1,0.6,46.9581414,48.79585946461293,5.948572509134471
0.1,0.6,21.72192809,48.79585946461293,5.948572509134471
0.1,0.6,24.77382209,48.79585946461293,5.948572509134471
0.1,0.6,46.70279849,48.79585946461293,5.948572509134471
0.1,0.6,33.26544958,48.79585946461293,5.948572509134471
0.1,0.6,80.72721593,48.79585946461293,5.948572509134471
0.1,0.6,55.4395492,48.79585946461293,5.948572509134471
0.1,0.6,53.9697528,48.047419197928434,5.729128670794267
0.1,0.6,36.95893835,48.047419197928434,5.729128670794267
0.1,0.6,41.39702217,48.047419197928434,5.729128670794267
0.1,0.6,46.3932418,48.047419197928434,5.729128670794267
0.1,0.6,28.38991364,48.047419197928434,5.729128670794267
0.1,0.6,76.80525479,48.047419197928434,5.729128670794267
0.1,0.6,53.44386084,48.047419197928434,5.729128670794267
0.1,0.6,18.43823239,48.047419197928434,5.729128670794267
0.1,0.6,78.2270061,48.047419197928434,5.729128670794267
0.1,0.6,88.56561427,48.047419197928434,5.729128670794267
0.1,0.6,31.23341656,48.047419197928434,5.729128670794267
0.1,0.6,78.40575344,48.047419197928434,5.729128670794267
0.1,0.6,41.38839354,48.047419197928434,5.729128670794267
0.1,0.6,85.26460767,48.047419197928434,5.729128670794267
0.1,0.6,54.5510772,48.047419197928434,5.729128670794267
0.1,0.6,80.74757475,48.047419197928434,5.729128670794267
0.1,0.6,28.47842364,48.047419197928434,5.729128670794267
0.1,0.6,50.62526998,48.047419197928434,5.729128670794267
0.1,0.6,65.15206302,48.047419197928434,5.729128670794267
0.1,0.6,72.71539591,48.047419197928434,5.729128670794267
0.1,0.6,23.57957539,48.047419197928434,5.729128670794267
0.1,0.6,14.81297937,48.047419197928434,5.729128670794267
0.1,0.6,36.20893616,48.047419197928434,5.729128670794267
0.1,0.6,60.53924122,48.047419197928434,5.729128670794267
0.1,0.6,31.68066661,49.10450991816549,5.645612440640366
0.1,0.6,40.88486023,49.10450991816549,5.645612440640366
0.1,0.6,18.4936178,49.10450991816549,5.645612440640366
0.1,0.6,21.05543966,49.10450991816549,5.645612440640366
0.1,0.6,42.61512715,49.10450991816549,5.645612440640366
0.1,0.6,54.47490088,49.10450991816549,5.645612440640366
0.1,0.6,86.4036342,49.10450991816549,5.645612440640366
0.1,0.6,79.20854509,49.10450991816549,5.645612440640366
0.1,0.6,28.22843637,49.10450991816549,5.645612440640366
0.1,0.6,77.35426305,49.10450991816549,5.645612440640366
0.1,0.6,29.94571023,49.10450991816549,5.645612440640366
0.1,0.6,41.21049972,49.10450991816549,5.645612440640366
0.1,0.6,24.45109292,49.10450991816549,5.645612440640366
0.1,0.6,89.31889283,49.10450991816549,5.645612440640366
0.1,0.6,26.09820561,49.10450991816549,5.645612440640366
0.1,0.6,70.0590705,49.10450991816549,5.645612440640366
0.1,0.6,86.70396022,49.10450991816549,5.645612440640366
0.1,0.6,25.75423362,49.10450991816549,5.645612440640366
0.1,0.6,33.86590168,49.10450991816549,5.645612440640366
0.1,0.6,43.62134182,49.10450991816549,5.645612440640366
0.1,0.6,39.24540895,49.10450991816549,5.645612440640366
0.1,0.6,32.19713939,49.10450991816549,5.645612440640366
0.1,0.6,84.27411325,49.10450991816549,5.645612440640366
0.1,0.6,92.00741342,49.10450991816549,5.645612440640366
0.1,0.8,98.54302324,53.00870700492453,6.015298386557291
0.1,0.8,87.61223353,53.00870700492453,6.015298386557291
0.1,0.8,116.1167474,53.00870700492453,6.015298386557291
0.1,0.8,23.5040008,53.00870700492453,6.015298386557291
0.1,0.8,19.07651192,53.00870700492453,6.015298386557291
0.1,0.8,39.01324129,53.00870700492453,6.015298386557291
0.1,0.8,97.8180127,53.00870700492453,6.015298386557291
0.1,0.8,94.25342559,53.00870700492453,6.015298386557291
0.1,0.8,93.96725967,53.00870700492453,6.015298386557291
0.1,0.8,89.31045155,53.00870700492453,6.015298386557291
0.1,0.8,84.87577662,53.00870700492453,6.015298386557291
0.1,0.8,101.1982692,53.00870700492453,6.015298386557291
0.1,0.8,55.144684,53.00870700492453,6.015298386557291
0.1,0.8,46.88829293,53.00870700492453,6.015298386557291
0.1,0.8,42.93463949,53.00870700492453,6.015298386557291
0.1,0.8,78.77465115,53.00870700492453,6.015298386557291
0.1,0.8,93.05223717,53.00870700492453,6.015298386557291
0.1,0.8,45.54017173,53.00870700492453,6.015298386557291
0.1,0.8,39.75408805,53.00870700492453,6.015298386557291
0.1,0.8,84.8745565,53.00870700492453,6.015298386557291
0.1,0.8,72.46739367,53.00870700492453,6.015298386557291
0.1,0.8,84.30846523,53.00870700492453,6.015298386557291
0.1,0.8,86.78816367,53.00870700492453,6.015298386557291
0.1,0.8,85.60319284,53.00870700492453,6.015298386557291
0.1,0.8,68.41852933,52.83812225855354,6.0621345197541
0.1,0.8,24.99160461,52.83812225855354,6.0621345197541
0.1,0.8,69.0583176,52.83812225855354,6.0621345197541
0.1,0.8,92.2652262,52.83812225855354,6.0621345197541
0.1,0.8,25.55227102,52.83812225855354,6.0621345197541
0.1,0.8,24.24153698,52.83812225855354,6.0621345197541
0.1,0.8,25.24059776,52.83812225855354,6.0621345197541
0.1,0.8,26.61486251,52.83812225855354,6.0621345197541
0.1,0.8,90.37542089,52.83812225855354,6.0621345197541
0.1,0.8,41.31576276,52.83812225855354,6.0621345197541
0.1,0.8,48.63523613,52.83812225855354,6.0621345197541
0.1,0.8,38.2780747,52.83812225855354,6.0621345197541
0.1,0.8,69.6608617,52.83812225855354,6.0621345197541
0.1,0.8,27.67871991,52.83812225855354,6.0621345197541
0.1,0.8,41.08687636,52.83812225855354,6.0621345197541
0.1,0.8,31.94978525,52.83812225855354,6.0621345197541
0.1,0.8,74.68104997,52.83812225855354,6.0621345197541
0.1,0.8,68.46332144,52.83812225855354,6.0621345197541
0.1,0.8,82.708519,52.83812225855354,6.0621345197541
0.1,0.8,37.05696351,52.83812225855354,6.0621345197541
0.1,0.8,25.17816927,52.83812225855354,6.0621345197541
0.1,0.8,93.43258723,52.83812225855354,6.0621345197541
0.1,0.8,72.02507613,52.83812225855354,6.0621345197541
0.1,0.8,25.93445079,52.83812225855354,6.0621345197541
0.15,0.2,35.77294846,37.565875262704026,5.864007618956984
0.15,0.2,15.07670733,37.565875262704026,5.864007618956984
0.15,0.2,27.91307252,37.565875262704026,5.864007618956984
0.15,0.2,26.26526998,37.565875262704026,5.864007618956984
0.15,0.2,26.08166296,37.565875262704026,5.864007618956984
0.15,0.2,42.03105413,37.565875262704026,5.864007618956984
0.15,0.2,22.54378832,37.565875262704026,5.864007618956984
0.15,0.2,19.44518461,37.565875262704026,5.864007618956984
0.15,0.2,22.17036682,37.565875262704026,5.864007618956984
0.15,0.2,29.00526715,37.565875262704026,5.864007618956984
0.15,0.2,17.37599863,37.565875262704026,5.864007618956984
0.15,0.2,23.36581095,37.565875262704026,5.864007618956984
0.15,0.2,27.07165795,37.565875262704026,5.864007618956984
0.15,0.2,27.33581611,37.565875262704026,5.864007618956984
0.15,0.2,24.13111373,37.565875262704026,5.864007618956984
0.15,0.2,18.5841671,37.565875262704026,5.864007618956984
0.15,0.2,17.36284398,37.565875262704026,5.864007618956984
0.15,0.2,28.41394424,37.565875262704026,5.864007618956984
0.15,0.2,13.10259044,37.565875262704026,5.864007618956984
0.15,0.2,16.97910675,37.565875262704026,5.864007618956984
0.15,0.2,14.83839165,37.565875262704026,5.864007618956984
0.15,0.2,20.68076315,37.565875262704026,5.864007618956984
0.15,0.2,48.71827331,37.565875262704026,5.864007618956984
0.15,0.2,15.0449103,37.565875262704026,5.864007618956984
0.15,0.4,28.66322486,40.92001706914391,5.961893981766596
0.15,0.4,24.4644074,40.92001706914391,5.961893981766596
0.15,0.4,55.33302617,40.92001706914391,5.961893981766596
0.15,0.4,29.23351109,40.92001706914391,5.961893981766596
0.15,0.4,49.189851,40.92001706914391,5.961893981766596
0.15,0.4,20.21702901,40.92001706914391,5.961893981766596
0.15,0.4,33.44294551,40.92001706914391,5.961893981766596
0.15,0.4,30.20964954,40.92001706914391,5.961893981766596
0.15,0.4,29.4856942,40.92001706914391,5.961893981766596
0.15,0.4,20.34574677,40.92001706914391,5.961893981766596
0.15,0.4,16.40886219,40.92001706914391,5.961893981766596
0.15,0.4,18.40067024,40.92001706914391,5.961893981766596
0.15,0.4,43.24317908,40.92001706914391,5.961893981766596
0.15,0.4,26.72534115,40.92001706914391,5.961893981766596
0.15,0.4,29.72494648,40.92001706914391,5.961893981766596
0.15,0.4,38.7694041,40.92001706914391,5.961893981766596
0.15,0.4,19.02937056,40.92001706914391,5.961893981766596
0.15,0.4,20.01676765,40.92001706914391,5.961893981766596
0.15,0.4,34.90281439,40.92001706914391,5.961893981766596
0.15,0.4,16.43389002,40.92001706914391,5.961893981766596
0.15,0.4,23.50688489,40.92001706914391,5.961893981766596
0.15,0.4,20.49498315,40.92001706914391,5.961893981766596
0.15,0.4,15.60082435,40.92001706914391,5.961893981766596
0.15,0.4,40.60175957,40.92001706914391,5.961893981766596
0.15,0.4,42.60679105,39.48742415789923,6.046841326697924
0.15,0.4,20.73947883,39.48742415789923,6.046841326697924
0.15,0.4,49.53649969,39.48742415789923,6.046841326697924
0.15,0.4,41.21694381,39.48742415789923,6.046841326697924
0.15,0.4,22.51052253,39.48742415789923,6.046841326697924
0.15,0.4,24.43082774,39.48742415789923,6.046841326697924
0.15,0.4,53.93720978,39.48742415789923,6.046841326697924
0.15,0.4,13.015231,39.48742415789923,6.046841326697924
0.15,0.4,28.10064379,39.48742415789923,6.046841326697924
0.15,0.4,17.92523703,39.48742415789923,6.046841326697924
0.15,0.4,36.22291132,39.48742415789923,6.046841326697924
0.15,0.4,38.7108275,39.48742415789923,6.046841326697924
0.15,0.4,55.5788893,39.48742415789923,6.046841326697924
0.15,0.4,16.31894364,39.48742415789923,6.046841326697924
0.15,0.4,31.43536303,39.48742415789923,6.046841326697924
0.15,0.4,43.43486295,39.48742415789923,6.046841326697924
0.15,0.4,41.38793047,39.48742415789923,6.046841326697924
0.15,0.4,75.6381312,39.48742415789923,6.046841326697924
0.15,0.4,26.77594103,39.48742415789923,6.046841326697924
0.15,0.4,19.92399375,39.48742415789923,6.046841326697924
0.15,0.4,27.53617446,39.48742415789923,6.046841326697924
0.15,0.4,16.08254891,39.48742415789923,6.046841326697924
0.15,0.4,51.52395608,39.48742415789923,6.046841326697924
0.15,0.4,17.70622087,39.48742415789923,6.046841326697924
0.15,0.4,29.00431282,46.84723955713548,5.990400107452419
0.15,0.4,29.06783138,46.84723955713548,5.990400107452419
0.15,0.4,20.03299756,46.84723955713548,5.990400107452419
0.15,0.4,51.00322787,46.84723955713548,5.990400107452419
0.15,0.4,78.2384458,46.84723955713548,5.990400107452419
0.15,0.4,31.03119813,46.84723955713548,5.990400107452419
0.15,0.4,41.82793061,46.84723955713548,5.990400107452419
0.15,0.4,45.67605068,46.84723955713548,5.990400107452419
0.15,0.4,27.72024488,46.84723955713548,5.990400107452419
0.15,0.4,38.39643691,46.84723955713548,5.990400107452419
0.15,0.4,28.70775277,46.84723955713548,5.990400107452419
0.15,0.4,29.2556166,46.84723955713548,5.990400107452419
0.15,0.4,29.85024575,46.84723955713548,5.990400107452419
0.15,0.4,45.12132488,46.84723955713548,5.990400107452419
0.15,0.4,27.53148564,46.84723955713548,5.990400107452419
0.15,0.4,17.13132254,46.84723955713548,5.990400107452419
0.15,0.4,24.88212312,46.84723955713548,5.990400107452419
0.15,0.4,14.91599335,46.84723955713548,5.990400107452419
0.15,0.4,23.20843724,46.84723955713548,5.990400107452419
0.15,0.4,40.9885719,46.84723955713548,5.990400107452419
0.15,0.4,49.32900719,46.84723955713548,5.990400107452419
0.15,0.4,30.07521439,46.84723955713548,5.990400107452419
0.15,0.4,45.33905271,46.84723955713548,5.990400107452419
0.15,0.4,33.70413869,46.84723955713548,5.990400107452419
0.15,0.6,32.22817394,51.36046920356375,5.841130121332151
0.15,0.6,43.74567786,51.36046920356375,5.841130121332151
0.15,0.6,21.76434834,51.36046920356375,5.841130121332151
0.15,0.6,25.0939214,51.36046920356375,5.841130121332151
0.15,0.6,31.45298258,51.36046920356375,5.841130121332151
0.15,0.6,25.07884582,51.36046920356375,5.841130121332151
0.15,0.6,8.700228021,51.36046920356375,5.841130121332151
0.15,0.6,31.82070914,51.36046920356375,5.841130121332151
0.15,0.6,25.42768664,51.36046920356375,5.841130121332151
0.15,0.6,21.19457721,51.36046920356375,5.841130121332151
0.15,0.6,23.89820743,51.36046920356375,5.841130121332151
0.15,0.6,42.97744011,51.36046920356375,5.841130121332151
0.15,0.6,24.85438063,51.36046920356375,5.841130121332151
0.15,0.6,39.25470134,51.36046920356375,5.841130121332151
0.15,0.6,22.16266572,51.36046920356375,5.841130121332151
0.15,0.6,28.52032411,51.36046920356375,5.841130121332151
0.15,0.6,15.05567287,51.36046920356375,5.841130121332151
0.15,0.6,34.7858328,51.36046920356375,5.841130121332151
0.15,0.6,64.04977996,51.36046920356375,5.841130121332151
0.15,0.6,34.60501856,51.36046920356375,5.841130121332151
0.15,0.6,40.94658021,51.36046920356375,5.841130121332151
0.15,0.6,32.06147583,51.36046920356375,5.841130121332151
0.15,0.6,18.4348711,51.36046920356375,5.841130121332151
0.15,0.6,29.97159409,51.36046920356375,5.841130121332151
0.15,0.6,27.85831029,48.79344353356737,5.98551482673953
0.15,0.6,33.77010575,48.79344353356737,5.98551482673953
0.15,0.6,28.22965583,48.79344353356737,5.98551482673953
0.15,0.6,45.59076818,48.79344353356737,5.98551482673953
0.15,0.6,23.67666933,48.79344353356737,5.98551482673953
0.15,0.6,12.12626194,48.79344353356737,5.98551482673953
0.15,0.6,47.11025158,48.79344353356737,5.98551482673953
0.15,0.6,33.58391792,48.79344353356737,5.98551482673953
0.15,0.6,36.1352245,48.79344353356737,5.98551482673953
0.15,0.6,45.21007946,48.79344353356737,5.98551482673953
0.15,0.6,25.32446764,48.79344353356737,5.98551482673953
0.15,0.6,15.65386647,48.79344353356737,5.98551482673953
0.15,0.6,35.41601392,48.79344353356737,5.98551482673953
0.15,0.6,21.38127591,48.79344353356737,5.98551482673953
0.15,0.6,31.50952686,48.79344353356737,5.98551482673953
0.15,0.6,39.34870405,48.79344353356737,5.98551482673953
0.15,0.6,24.60594051,48.79344353356737,5.98551482673953
0.15,0.6,30.54802642,48.79344353356737,5.98551482673953
0.15,0.6,13.94176903,48.79344353356737,5.98551482673953
0.15,0.6,36.84167414,48.79344353356737,5.98551482673953
0.15,0.6,27.80479918,48.79344353356737,5.98551482673953
0.15,0.6,29.08736461,48.79344353356737,5.98551482673953
0.15,0.6,15.43332984,48.79344353356737,5.98551482673953
0.15,0.6,35.44814748,48.79344353356737,5.98551482673953
0.15,0.8,33.06220925,47.21243865908093,6.209729511115733
0.15,0.8,25.58191805,47.21243865908093,6.209729511115733
0.15,0.8,56.59384563,47.21243865908093,6.209729511115733
0.15,0.8,30.31722469,47.21243865908093,6.209729511115733
0.15,0.8,11.9223898,47.21243865908093,6.209729511115733
0.15,0.8,72.40232018,47.21243865908093,6.209729511115733
0.15,0.8,33.03430868,47.21243865908093,6.209729511115733
0.15,0.8,33.25772195,47.21243865908093,6.209729511115733
0.15,0.8,23.37534082,47.21243865908093,6.209729511115733
0.15,0.8,65.02263797,47.21243865908093,6.209729511115733
0.15,0.8,52.32660976,47.21243865908093,6.209729511115733
0.15,0.8,39.69509004,47.21243865908093,6.209729511115733
0.15,0.8,63.71540439,47.21243865908093,6.209729511115733
0.15,0.8,83.50988794,47.21243865908093,6.209729511115733
0.15,0.8,48.08329548,47.21243865908093,6.209729511115733
0.15,0.8,32.89581311,47.21243865908093,6.209729511115733
0.15,0.8,69.74988888,47.21243865908093,6.209729511115733
0.15,0.8,65.66998652,47.21243865908093,6.209729511115733
0.15,0.8,33.96056423,47.21243865908093,6.209729511115733
0.15,0.8,46.07098388,47.21243865908093,6.209729511115733
0.15,0.8,22.40714466,47.21243865908093,6.209729511115733
0.15,0.8,61.71289611,47.21243865908093,6.209729511115733
0.15,0.8,32.72675816,47.21243865908093,6.209729511115733
0.15,0.8,40.5136563,47.21243865908093,6.209729511115733
0.2,0.4,16.69543113,44.669130439813785,5.728134626666258
0.2,0.4,23.15057795,44.669130439813785,5.728134626666258
0.2,0.4,38.67255741,44.669130439813785,5.728134626666258
0.2,0.4,19.17441045,44.669130439813785,5.728134626666258
0.2,0.4,15.64035231,44.669130439813785,5.728134626666258
0.2,0.4,31.49110459,44.669130439813785,5.728134626666258
0.2,0.4,28.63572405,44.669130439813785,5.728134626666258
0.2,0.4,37.89018424,44.669130439813785,5.728134626666258
0.2,0.4,12.35521895,44.669130439813785,5.728134626666258
0.2,0.4,17.21279134,44.669130439813785,5.728134626666258
0.2,0.4,50.96803246,44.669130439813785,5.728134626666258
0.2,0.4,20.5332176,44.669130439813785,5.728134626666258
0.2,0.4,21.95577269,44.669130439813785,5.728134626666258
0.2,0.4,70.72972641,44.669130439813785,5.728134626666258
0.2,0.4,34.4693871,44.669130439813785,5.728134626666258
0.2,0.4,20.4923753,44.669130439813785,5.728134626666258
0.2,0.4,44.54116883,44.669130439813785,5.728134626666258
0.2,0.4,20.8981243,44.669130439813785,5.728134626666258
0.2,0.4,42.66054965,44.669130439813785,5.728134626666258
0.2,0.4,26.65141577,44.669130439813785,5.728134626666258
0.2,0.4,27.48413442,44.669130439813785,5.728134626666258
0.2,0.4,48.53306337,44.669130439813785,5.728134626666258
0.2,0.4,28.83158977,44.669130439813785,5.728134626666258
0.2,0.4,26.89507769,44.669130439813785,5.728134626666258
0.2,0.6,33.04948224,39.61407487052668,6.233881536923847
0.2,0.6,19.19645813,39.61407487052668,6.233881536923847
0.2,0.6,25.83813219,39.61407487052668,6.233881536923847
0.2,0.6,44.04468122,39.61407487052668,6.233881536923847
0.2,0.6,13.80773785,39.61407487052668,6.233881536923847
0.2,0.6,27.46411832,39.61407487052668,6.233881536923847
0.2,0.6,15.60003201,39.61407487052668,6.233881536923847
0.2,0.6,38.46174275,39.61407487052668,6.233881536923847
0.2,0.6,15.90122124,39.61407487052668,6.233881536923847
0.2,0.6,16.8420388,39.61407487052668,6.233881536923847
0.2,0.6,15.91099684,39.61407487052668,6.233881536923847
0.2,0.6,46.62522632,39.61407487052668,6.233881536923847
0.2,0.6,11.27962659,39.61407487052668,6.233881536923847
0.2,0.6,21.61238591,39.61407487052668,6.233881536923847
0.2,0.6,25.95298805,39.61407487052668,6.233881536923847
0.2,0.6,14.83328222,39.61407487052668,6.233881536923847
0.2,0.6,23.59650125,39.61407487052668,6.233881536923847
0.2,0.6,23.19529766,39.61407487052668,6.233881536923847
0.2,0.6,20.60662843,39.61407487052668,6.233881536923847
0.2,0.6,15.64550051,39.61407487052668,6.233881536923847
0.2,0.6,23.47030744,39.61407487052668,6.233881536923847
0.2,0.6,37.70409798,39.61407487052668,6.233881536923847
0.2,0.6,32.66210137,39.61407487052668,6.233881536923847
0.2,0.6,27.20300184,39.61407487052668,6.233881536923847
0.2,0.8,45.53964447,34.067685370395566,6.734346493771667
0.2,0.8,20.69376148,34.067685370395566,6.734346493771667
0.2,0.8,29.63341451,34.067685370395566,6.734346493771667
0.2,0.8,28.54431133,34.067685370395566,6.734346493771667
0.2,0.8,10.40765367,34.067685370395566,6.734346493771667
0.2,0.8,20.63191981,34.067685370395566,6.734346493771667
0.2,0.8,21.86328634,34.067685370395566,6.734346493771667
0.2,0.8,25.37174173,34.067685370395566,6.734346493771667
0.2,0.8,49.8293978,34.067685370395566,6.734346493771667
0.2,0.8,38.29035282,34.067685370395566,6.734346493771667
0.2,0.8,48.02886249,34.067685370395566,6.734346493771667
0.2,0.8,16.8259697,34.067685370395566,6.734346493771667
0.2,0.8,59.03781913,34.067685370395566,6.734346493771667
0.2,0.8,18.21919732,34.067685370395566,6.734346493771667
0.2,0.8,30.09630605,34.067685370395566,6.734346493771667
0.2,0.8,23.93332836,34.067685370395566,6.734346493771667
0.2,0.8,26.16754388,34.067685370395566,6.734346493771667
0.2,0.8,63.2779637,34.067685370395566,6.734346493771667
0.2,0.8,11.8975275,34.067685370395566,6.734346493771667
0.2,0.8,14.20109995,34.067685370395566,6.734346493771667
0.2,0.8,36.00165288,34.067685370395566,6.734346493771667
0.2,0.8,33.81725058,34.067685370395566,6.734346493771667
0.2,0.8,38.79895798,34.067685370395566,6.734346493771667
0.2,0.8,31.57552444,34.067685370395566,6.734346493771667
0.2,0.8,19.81765725,43.0958990448961,6.532483864472376
0.2,0.8,38.24919999,43.0958990448961,6.532483864472376
0.2,0.8,35.63857965,43.0958990448961,6.532483864472376
0.2,0.8,10.14343139,43.0958990448961,6.532483864472376
0.2,0.8,9.424345969,43.0958990448961,6.532483864472376
0.2,0.8,22.68897823,43.0958990448961,6.532483864472376
0.2,0.8,61.04953686,43.0958990448961,6.532483864472376
0.2,0.8,34.67673885,43.0958990448961,6.532483864472376
0.2,0.8,36.14741861,43.0958990448961,6.532483864472376
0.2,0.8,18.39866457,43.0958990448961,6.532483864472376
0.2,0.8,31.84686579,43.0958990448961,6.532483864472376
0.2,0.8,22.90460029,43.0958990448961,6.532483864472376
0.2,0.8,38.78362895,43.0958990448961,6.532483864472376
0.2,0.8,40.93343418,43.0958990448961,6.532483864472376
0.2,0.8,35.19468826,43.0958990448961,6.532483864472376
0.2,0.8,32.6668067,43.0958990448961,6.532483864472376
0.2,0.8,32.06567889,43.0958990448961,6.532483864472376
0.2,0.8,33.14711229,43.0958990448961,6.532483864472376
0.2,0.8,20.1561316,43.0958990448961,6.532483864472376
0.2,0.8,17.49628117,43.0958990448961,6.532483864472376
0.2,0.8,28.30310072,43.0958990448961,6.532483864472376
0.2,0.8,27.77067689,43.0958990448961,6.532483864472376
0.2,0.8,29.59311607,43.0958990448961,6.532483864472376
0.2,0.8,25.36366208,43.0958990448961,6.532483864472376
0.2,0.8,41.30538769,40.12134814787146,6.605848326701952
0.2,0.8,17.81352809,40.12134814787146,6.605848326701952
0.2,0.8,83.1108488,40.12134814787146,6.605848326701952
0.2,0.8,73.57709946,40.12134814787146,6.605848326701952
0.2,0.8,32.41158015,40.12134814787146,6.605848326701952
0.2,0.8,22.54213115,40.12134814787146,6.605848326701952
0.2,0.8,91.76342244,40.12134814787146,6.605848326701952
0.2,0.8,89.94144255,40.12134814787146,6.605848326701952
0.2,0.8,91.17291313,40.12134814787146,6.605848326701952
0.2,0.8,17.04899909,40.12134814787146,6.605848326701952
0.2,0.8,16.27314893,40.12134814787146,6.605848326701952
0.2,0.8,84.76729681,40.12134814787146,6.605848326701952
0.2,0.8,99.93283513,40.12134814787146,6.605848326701952
0.2,0.8,80.68290118,40.12134814787146,6.605848326701952
0.2,0.8,78.08935339,40.12134814787146,6.605848326701952
0.2,0.8,84.80404985,40.12134814787146,6.605848326701952
0.2,0.8,85.92261957,40.12134814787146,6.605848326701952
0.2,0.8,18.36235105,40.12134814787146,6.605848326701952
0.2,0.8,89.89844658,40.12134814787146,6.605848326701952
0.2,0.8,79.06202337,40.12134814787146,6.605848326701952
0.2,0.8,36.46543007,40.12134814787146,6.605848326701952
0.2,0.8,89.25463705,40.12134814787146,6.605848326701952
0.2,0.8,20.62317388,40.12134814787146,6.605848326701952
0.2,0.8,80.67355147,40.12134814787146,6.605848326701952
0.25,0.4,14.80143356,39.81519586118918,6.013003811744285
0.25,0.4,15.63868997,39.81519586118918,6.013003811744285
0.25,0.4,18.45351127,39.81519586118918,6.013003811744285
0.25,0.4,23.87642115,39.81519586118918,6.013003811744285
0.25,0.4,28.31961955,39.81519586118918,6.013003811744285
0.25,0.4,41.65949126,39.81519586118918,6.013003811744285
0.25,0.4,16.72798091,39.81519586118918,6.013003811744285
0.25,0.4,12.5233086,39.81519586118918,6.013003811744285
0.25,0.4,17.24742871,39.81519586118918,6.013003811744285
0.25,0.4,19.16783473,39.81519586118918,6.013003811744285
0.25,0.4,20.71034907,39.81519586118918,6.013003811744285
0.25,0.4,12.50453437,39.81519586118918,6.013003811744285
0.25,0.4,12.08146278,39.81519586118918,6.013003811744285
0.25,0.4,16.29990614,39.81519586118918,6.013003811744285
0.25,0.4,23.13085518,39.81519586118918,6.013003811744285
0.25,0.4,14.42644693,39.81519586118918,6.013003811744285
0.25,0.4,16.27872198,39.81519586118918,6.013003811744285
0.25,0.4,16.68266429,39.81519586118918,6.013003811744285
0.25,0.4,28.90922233,39.81519586118918,6.013003811744285
0.25,0.4,41.68621609,39.81519586118918,6.013003811744285
0.25,0.4,9.159141032,39.81519586118918,6.013003811744285
0.25,0.4,18.9270965,39.81519586118918,6.013003811744285
0.25,0.4,24.31824387,39.81519586118918,6.013003811744285
0.25,0.4,20.25095977,39.81519586118918,6.013003811744285
0.25,0.4,26.762111,33.69317228721809,6.36871393270967
0.25,0.4,11.05657708,33.69317228721809,6.36871393270967
0.25,0.4,14.64931542,33.69317228721809,6.36871393270967
0.25,0.4,20.09187411,33.69317228721809,6.36871393270967
0.25,0.4,43.8805636,33.69317228721809,6.36871393270967
0.25,0.4,41.94788468,33.69317228721809,6.36871393270967
0.25,0.4,15.11434309,33.69317228721809,6.36871393270967
0.25,0.4,30.35420105,33.69317228721809,6.36871393270967
0.25,0.4,34.14398936,33.69317228721809,6.36871393270967
0.25,0.4,10.99385701,33.69317228721809,6.36871393270967
0.25,0.4,18.60019818,33.69317228721809,6.36871393270967
0.25,0.4,21.96969581,33.69317228721809,6.36871393270967
0.25,0.4,13.24112777,33.69317228721809,6.36871393270967
0.25,0.4,28.37816821,33.69317228721809,6.36871393270967
0.25,0.4,17.93402156,33.69317228721809,6.36871393270967
0.25,0.4,28.30211287,33.69317228721809,6.36871393270967
0.25,0.4,15.78147217,33.69317228721809,6.36871393270967
0.25,0.4,33.49122544,33.69317228721809,6.36871393270967
0.25,0.4,23.90040581,33.69317228721809,6.36871393270967
0.25,0.4,15.23732032,33.69317228721809,6.36871393270967
0.25,0.4,14.27152461,33.69317228721809,6.36871393270967
0.25,0.4,29.08425366,33.69317228721809,6.36871393270967
0.25,0.4,28.05792199,33.69317228721809,6.36871393270967
0.25,0.4,36.88112556,33.69317228721809,6.36871393270967
0.25,0.6,26.92399759,40.439190337910304,6.592417408578941
0.25,0.6,22.77335243,40.439190337910304,6.592417408578941
0.25,0.6,23.18949731,40.439190337910304,6.592417408578941
0.25,0.6,28.63529066,40.439190337910304,6.592417408578941
0.25,0.6,18.32841215,40.439190337910304,6.592417408578941
0.25,0.6,14.88165825,40.439190337910304,6.592417408578941
0.25,0.6,22.85739175,40.439190337910304,6.592417408578941
0.25,0.6,15.01984468,40.439190337910304,6.592417408578941
0.25,0.6,18.68738934,40.439190337910304,6.592417408578941
0.25,0.6,21.28817544,40.439190337910304,6.592417408578941
0.25,0.6,20.27745753,40.439190337910304,6.592417408578941
0.25,0.6,15.96832509,40.439190337910304,6.592417408578941
0.25,0.6,19.00166552,40.439190337910304,6.592417408578941
0.25,0.6,20.10980174,40.439190337910304,6.592417408578941
0.25,0.6,24.31118221,40.439190337910304,6.592417408578941
0.25,0.6,11.67943431,40.439190337910304,6.592417408578941
0.25,0.6,14.85542489,40.439190337910304,6.592417408578941
0.25,0.6,41.96645979,40.439190337910304,6.592417408578941
0.25,0.6,13.76220455,40.439190337910304,6.592417408578941
0.25,0.6,19.70200151,40.439190337910304,6.592417408578941
0.25,0.6,40.10554588,40.439190337910304,6.592417408578941
0.25,0.6,26.53721825,40.439190337910304,6.592417408578941
0.25,0.6,36.56011695,40.439190337910304,6.592417408578941
0.25,0.6,39.40505125,40.439190337910304,6.592417408578941
0.25,0.6,11.82493412,45.61160693825855,6.088984693820939
0.25,0.6,21.95991956,45.61160693825855,6.088984693820939
0.25,0.6,9.144834201,45.61160693825855,6.088984693820939
0.25,0.6,16.24873272,45.61160693825855,6.088984693820939
0.25,0.6,36.63778097,45.61160693825855,6.088984693820939
0.25,0.6,21.85858269,45.61160693825855,6.088984693820939
0.25,0.6,17.38959264,45.61160693825855,6.088984693820939
0.25,0.6,11.58903527,45.61160693825855,6.088984693820939
0.25,0.6,23.38402159,45.61160693825855,6.088984693820939
0.25,0.6,40.24750034,45.61160693825855,6.088984693820939
0.25,0.6,67.2874835,45.61160693825855,6.088984693820939
0.25,0.6,11.35773046,45.61160693825855,6.088984693820939
0.25,0.6,36.2074029,45.61160693825855,6.088984693820939
0.25,0.6,26.10771638,45.61160693825855,6.088984693820939
0.25,0.6,20.58859694,45.61160693825855,6.088984693820939
0.25,0.6,51.28428815,45.61160693825855,6.088984693820939
0.25,0.6,19.27094025,45.61160693825855,6.088984693820939
0.25,0.6,17.75796424,45.61160693825855,6.088984693820939
0.25,0.6,9.80840245,45.61160693825855,6.088984693820939
0.25,0.6,19.52522515,45.61160693825855,6.088984693820939
0.25,0.6,19.05270272,45.61160693825855,6.088984693820939
0.25,0.6,16.14761381,45.61160693825855,6.088984693820939
0.25,0.6,24.02745635,45.61160693825855,6.088984693820939
0.25,0.6,27.30055467,45.61160693825855,6.088984693820939
0.3,0.2,24.16974995,35.127871705942084,6.195420569352975
0.3,0.2,10.00095769,35.127871705942084,6.195420569352975
0.3,0.2,18.0716602,35.127871705942084,6.195420569352975
0.3,0.2,23.05082283,35.127871705942084,6.195420569352975
0.3,0.2,25.99910374,35.127871705942084,6.195420569352975
0.3,0.2,23.12944314,35.127871705942084,6.195420569352975
0.3,0.2,13.15154469,35.127871705942084,6.195420569352975
0.3,0.2,47.4725079,35.127871705942084,6.195420569352975
0.3,0.2,19.21418824,35.127871705942084,6.195420569352975
0.3,0.2,19.21868754,35.127871705942084,6.195420569352975
0.3,0.2,25.30921805,35.127871705942084,6.195420569352975
0.3,0.2,17.06539905,35.127871705942084,6.195420569352975
0.3,0.2,10.95492978,35.127871705942084,6.195420569352975
0.3,0.2,10.35521324,35.127871705942084,6.195420569352975
0.3,0.2,19.1310826,35.127871705942084,6.195420569352975
0.3,0.2,10.7972858,35.127871705942084,6.195420569352975
0.3,0.2,40.05972974,35.127871705942084,6.195420569352975
0.3,0.2,17.10446096,35.127871705942084,6.195420569352975
0.3,0.2,20.60693088,35.127871705942084,6.195420569352975
0.3,0.2,25.25662287,35.127871705942084,6.195420569352975
0.3,0.2,9.992185275,35.127871705942084,6.195420569352975
0.3,0.2,15.3187359,35.127871705942084,6.195420569352975
0.3,0.2,10.37716097,35.127871705942084,6.195420569352975
0.3,0.2,11.69181743,35.127871705942084,6.195420569352975
0.3,0.4,18.15356452,31.963246638442456,6.42780604154957
0.3,0.4,15.49613171,31.963246638442456,6.42780604154957
0.3,0.4,12.30099733,31.963246638442456,6.42780604154957
0.3,0.4,11.56048574,31.963246638442456,6.42780604154957
0.3,0.4,8.269742279,31.963246638442456,6.42780604154957
0.3,0.4,14.87817605,31.963246638442456,6.42780604154957
0.3,0.4,27.46321515,31.963246638442456,6.42780604154957
0.3,0.4,36.83804709,31.963246638442456,6.42780604154957
0.3,0.4,8.384226408,31.963246638442456,6.42780604154957
0.3,0.4,8.044440457,31.963246638442456,6.42780604154957
0.3,0.4,22.99147623,31.963246638442456,6.42780604154957
0.3,0.4,12.4447017,31.963246638442456,6.42780604154957
0.3,0.4,22.31373582,31.963246638442456,6.42780604154957
0.3,0.4,9.09020681,31.963246638442456,6.42780604154957
0.3,0.4,29.84021386,31.963246638442456,6.42780604154957
0.3,0.4,21.56960556,31.963246638442456,6.42780604154957
0.3,0.4,32.84282071,31.963246638442456,6.42780604154957
0.3,0.4,37.2255479,31.963246638442456,6.42780604154957
0.3,0.4,35.96857402,31.963246638442456,6.42780604154957
0.3,0.4,21.94813772,31.963246638442456,6.42780604154957
0.3,0.4,7.200844183,31.963246638442456,6.42780604154957
0.3,0.4,34.08513187,31.963246638442456,6.42780604154957
0.3,0.4,23.32000865,31.963246638442456,6.42780604154957
0.3,0.4,27.1332781,31.963246638442456,6.42780604154957
0.3,0.4,24.93260252,39.32895627141659,5.895230983855037
0.3,0.4,32.0282572,39.32895627141659,5.895230983855037
0.3,0.4,23.27187489,39.32895627141659,5.895230983855037
0.3,0.4,26.34973069,39.32895627141659,5.895230983855037
0.3,0.4,27.00239144,39.32895627141659,5.895230983855037
0.3,0.4,17.96156852,39.32895627141659,5.895230983855037
0.3,0.4,13.07651964,39.32895627141659,5.895230983855037
0.3,0.4,19.24596673,39.32895627141659,5.895230983855037
0.3,0.4,26.36872156,39.32895627141659,5.895230983855037
0.3,0.4,18.18559326,39.32895627141659,5.895230983855037
0.3,0.4,28.99994372,39.32895627141659,5.895230983855037
0.3,0.4,32.3762859,39.32895627141659,5.895230983855037
0.3,0.4,16.15845981,39.32895627141659,5.895230983855037
0.3,0.4,22.601859,39.32895627141659,5.895230983855037
0.3,0.4,19.83584142,39.32895627141659,5.895230983855037
0.3,0.4,16.27179459,39.32895627141659,5.895230983855037
0.3,0.4,20.25571892,39.32895627141659,5.895230983855037
0.3,0.4,42.38234267,39.32895627141659,5.895230983855037
0.3,0.4,32.90764593,39.32895627141659,5.895230983855037
0.3,0.4,19.56112105,39.32895627141659,5.895230983855037
0.3,0.4,10.40527298,39.32895627141659,5.895230983855037
0.3,0.4,21.45692903,39.32895627141659,5.895230983855037
0.3,0.4,9.599150356,39.32895627141659,5.895230983855037
0.3,0.4,7.921617951,39.32895627141659,5.895230983855037
0.3,0.6,22.92314517,37.49429742328846,6.4422973225593765
0.3,0.6,17.50135576,37.49429742328846,6.4422973225593765
0.3,0.6,15.22389766,37.49429742328846,6.4422973225593765
0.3,0.6,12.53377,37.49429742328846,6.4422973225593765
0.3,0.6,15.8189418,37.49429742328846,6.4422973225593765
0.3,0.6,15.51214886,37.49429742328846,6.4422973225593765
0.3,0.6,12.24173972,37.49429742328846,6.4422973225593765
0.3,0.6,7.369592716,37.49429742328846,6.4422973225593765
0.3,0.6,23.39339617,37.49429742328846,6.4422973225593765
0.3,0.6,21.40162315,37.49429742328846,6.4422973225593765
0.3,0.6,15.00211263,37.49429742328846,6.4422973225593765
0.3,0.6,37.78056668,37.49429742328846,6.4422973225593765
0.3,0.6,9.519498982,37.49429742328846,6.4422973225593765
0.3,0.6,13.36360019,37.49429742328846,6.4422973225593765
0.3,0.6,13.82388413,37.49429742328846,6.4422973225593765
0.3,0.6,19.02975985,37.49429742328846,6.4422973225593765
0.3,0.6,24.57649671,37.49429742328846,6.4422973225593765
0.3,0.6,11.86939223,37.49429742328846,6.4422973225593765
0.3,0.6,15.31980239,37.49429742328846,6.4422973225593765
0.3,0.6,19.22573365,37.49429742328846,6.4422973225593765
0.3,0.6,66.96275599,37.49429742328846,6.4422973225593765
0.3,0.6,47.52098632,37.49429742328846,6.4422973225593765
0.3,0.6,17.05739808,37.49429742328846,6.4422973225593765
0.3,0.6,17.89200258,37.49429742328846,6.4422973225593765
0.3,0.6,46.08997644,39.19479865378912,6.423564560739748
0.3,0.6,26.70978932,39.19479865378912,6.423564560739748
0.3,0.6,23.86294982,39.19479865378912,6.423564560739748
0.3,0.6,22.90720621,39.19479865378912,6.423564560739748
0.3,0.6,10.88588257,39.19479865378912,6.423564560739748
0.3,0.6,37.52608169,39.19479865378912,6.423564560739748
0.3,0.6,38.56806224,39.19479865378912,6.423564560739748
0.3,0.6,10.9545874,39.19479865378912,6.423564560739748
0.3,0.6,40.95257291,39.19479865378912,6.423564560739748
0.3,0.6,23.30217721,39.19479865378912,6.423564560739748
0.3,0.6,32.60505385,39.19479865378912,6.423564560739748
0.3,0.6,23.31918222,39.19479865378912,6.423564560739748
0.3,0.6,7.399586454,39.19479865378912,6.423564560739748
0.3,0.6,25.58148974,39.19479865378912,6.423564560739748
0.3,0.6,8.263641008,39.19479865378912,6.423564560739748
0.3,0.6,17.19589135,39.19479865378912,6.423564560739748
0.3,0.6,12.64573378,39.19479865378912,6.423564560739748
0.3,0.6,54.2948031,39.19479865378912,6.423564560739748
0.3,0.6,14.80327844,39.19479865378912,6.423564560739748
0.3,0.6,29.57519101,39.19479865378912,6.423564560739748
0.3,0.6,18.50425101,39.19479865378912,6.423564560739748
0.3,0.6,7.829032493,39.19479865378912,6.423564560739748
0.3,0.6,17.46065945,39.19479865378912,6.423564560739748
0.3,0.6,13.88835043,39.19479865378912,6.423564560739748
0.3,0.8,22.60793627,39.05262171341485,6.901311428865204
0.3,0.8,25.27342974,39.05262171341485,6.901311428865204
0.3,0.8,12.23548467,39.05262171341485,6.901311428865204
0.3,0.8,28.18985587,39.05262171341485,6.901311428865204
0.3,0.8,13.87457909,39.05262171341485,6.901311428865204
0.3,0.8,11.24920289,39.05262171341485,6.901311428865204
0.3,0.8,15.29985801,39.05262171341485,6.901311428865204
0.3,0.8,13.7699495,39.05262171341485,6.901311428865204
0.3,0.8,18.67614405,39.05262171341485,6.901311428865204
0.3,0.8,13.76694848,39.05262171341485,6.901311428865204
0.3,0.8,30.91976658,39.05262171341485,6.901311428865204
0.3,0.8,9.379442387,39.05262171341485,6.901311428865204
0.3,0.8,23.37692852,39.05262171341485,6.901311428865204
0.3,0.8,29.56570843,39.05262171341485,6.901311428865204
0.3,0.8,13.82755523,39.05262171341485,6.901311428865204
0.3,0.8,16.47652327,39.05262171341485,6.901311428865204
0.3,0.8,29.37689987,39.05262171341485,6.901311428865204
0.3,0.8,18.56288112,39.05262171341485,6.901311428865204
0.3,0.8,36.48461573,39.05262171341485,6.901311428865204
0.3,0.8,13.68991766,39.05262171341485,6.901311428865204
0.3,0.8,8.100586069,39.05262171341485,6.901311428865204
0.3,0.8,24.12631217,39.05262171341485,6.901311428865204
0.3,0.8,18.00240053,39.05262171341485,6.901311428865204
0.3,0.8,46.34762169,39.05262171341485,6.901311428865204
0.4,0.2,10.8614634,30.731128385801185,5.833693184419424
0.4,0.2,14.95952446,30.731128385801185,5.833693184419424
0.4,0.2,17.58661914,30.731128385801185,5.833693184419424
0.4,0.2,12.1887696,30.731128385801185,5.833693184419424
0.4,0.2,9.16287001,30.731128385801185,5.833693184419424
0.4,0.2,29.12554478,30.731128385801185,5.833693184419424
0.4,0.2,17.67087223,30.731128385801185,5.833693184419424
0.4,0.2,16.30895438,30.731128385801185,5.833693184419424
0.4,0.2,19.91623234,30.731128385801185,5.833693184419424
0.4,0.2,11.55564537,30.731128385801185,5.833693184419424
0.4,0.2,24.96393632,30.731128385801185,5.833693184419424
0.4,0.2,27.96500024,30.731128385801185,5.833693184419424
0.4,0.2,10.9192833,30.731128385801185,5.833693184419424
0.4,0.2,9.217002677,30.731128385801185,5.833693184419424
0.4,0.2,17.90139723,30.731128385801185,5.833693184419424
0.4,0.2,7.566288182,30.731128385801185,5.833693184419424
0.4,0.2,14.48797156,30.731128385801185,5.833693184419424
0.4,0.2,13.31026061,30.731128385801185,5.833693184419424
0.4,0.2,7.602203171,30.731128385801185,5.833693184419424
0.4,0.2,37.21441632,30.731128385801185,5.833693184419424
0.4,0.2,15.85404313,30.731128385801185,5.833693184419424
0.4,0.2,20.89654749,30.731128385801185,5.833693184419424
0.4,0.2,8.77016901,30.731128385801185,5.833693184419424
0.4,0.2,19.98413535,30.731128385801185,5.833693184419424
0.4,0.2,14.26663227,32.71363887472114,6.04408744874245
0.4,0.2,12.28318101,32.71363887472114,6.04408744874245
0.4,0.2,13.69385766,32.71363887472114,6.04408744874245
0.4,0.2,26.41162301,32.71363887472114,6.04408744874245
0.4,0.2,11.66841101,32.71363887472114,6.04408744874245
0.4,0.2,19.31509391,32.71363887472114,6.04408744874245
0.4,0.2,12.98796939,32.71363887472114,6.04408744874245
0.4,0.2,24.26018257,32.71363887472114,6.04408744874245
0.4,0.2,18.10516255,32.71363887472114,6.04408744874245
0.4,0.2,12.52079294,32.71363887472114,6.04408744874245
0.4,0.2,11.8071184,32.71363887472114,6.04408744874245
0.4,0.2,15.85712829,32.71363887472114,6.04408744874245
0.4,0.2,9.48911953,32.71363887472114,6.04408744874245
0.4,0.2,26.50972838,32.71363887472114,6.04408744874245
0.4,0.2,7.175984046,32.71363887472114,6.04408744874245
0.4,0.2,13.81640666,32.71363887472114,6.04408744874245
0.4,0.2,12.37230508,32.71363887472114,6.04408744874245
0.4,0.2,31.64990386,32.71363887472114,6.04408744874245
0.4,0.2,29.91691893,32.71363887472114,6.04408744874245
0.4,0.2,13.24343014,32.71363887472114,6.04408744874245
0.4,0.2,8.531361095,32.71363887472114,6.04408744874245
0.4,0.2,9.932945265,32.71363887472114,6.04408744874245
0.4,0.2,23.20840677,32.71363887472114,6.04408744874245
0.4,0.2,9.781540443,32.71363887472114,6.04408744874245
0.4,0.4,7.311283153,27.81483257505215,6.4684770393038855
0.4,0.4,11.54262802,27.81483257505215,6.4684770393038855
0.4,0.4,10.10571323,27.81483257505215,6.4684770393038855
0.4,0.4,20.25855281,27.81483257505215,6.4684770393038855
0.4,0.4,13.73556467,27.81483257505215,6.4684770393038855
0.4,0.4,12.06084943,27.81483257505215,6.4684770393038855
0.4,0.4,28.84717055,27.81483257505215,6.4684770393038855
0.4,0.4,6.381722155,27.81483257505215,6.4684770393038855
0.4,0.4,21.61445344,27.81483257505215,6.4684770393038855
0.4,0.4,14.01613561,27.81483257505215,6.4684770393038855
0.4,0.4,11.5193611,27.81483257505215,6.4684770393038855
0.4,0.4,6.796249775,27.81483257505215,6.4684770393038855
0.4,0.4,13.90639501,27.81483257505215,6.4684770393038855
0.4,0.4,10.43858982,27.81483257505215,6.4684770393038855
0.4,0.4,9.022904448,27.81483257505215,6.4684770393038855
0.4,0.4,9.181277864,27.81483257505215,6.4684770393038855
0.4,0.4,12.41936648,27.81483257505215,6.4684770393038855
0.4,0.4,12.5786537,27.81483257505215,6.4684770393038855
0.4,0.4,21.39749276,27.81483257505215,6.4684770393038855
0.4,0.4,20.0962546,27.81483257505215,6.4684770393038855
0.4,0.4,7.841035006,27.81483257505215,6.4684770393038855
0.4,0.4,16.28298678,27.81483257505215,6.4684770393038855
0.4,0.4,10.25302813,27.81483257505215,6.4684770393038855
0.4,0.4,8.304670684,27.81483257505215,6.4684770393038855
0.4,0.4,14.01818044,32.06191623510995,6.121335815932425
0.4,0.4,27.4168752,32.06191623510995,6.121335815932425
0.4,0.4,19.79890077,32.06191623510995,6.121335815932425
0.4,0.4,10.82407566,32.06191623510995,6.121335815932425
0.4,0.4,10.53693741,32.06191623510995,6.121335815932425
0.4,0.4,15.63252425,32.06191623510995,6.121335815932425
0.4,0.4,20.51924978,32.06191623510995,6.121335815932425
0.4,0.4,13.26848314,32.06191623510995,6.121335815932425
0.4,0.4,18.13396592,32.06191623510995,6.121335815932425
0.4,0.4,16.9983328,32.06191623510995,6.121335815932425
0.4,0.4,11.98381068,32.06191623510995,6.121335815932425
0.4,0.4,27.82631593,32.06191623510995,6.121335815932425
0.4,0.4,13.93178297,32.06191623510995,6.121335815932425
0.4,0.4,9.782079532,32.06191623510995,6.121335815932425
0.4,0.4,13.46120263,32.06191623510995,6.121335815932425
0.4,0.4,14.98374933,32.06191623510995,6.121335815932425
0.4,0.4,26.79957802,32.06191623510995,6.121335815932425
0.4,0.4,15.92895878,32.06191623510995,6.121335815932425
0.4,0.4,12.22722577,32.06191623510995,6.121335815932425
0.4,0.4,21.65886361,32.06191623510995,6.121335815932425
0.4,0.4,12.3335723,32.06191623510995,6.121335815932425
0.4,0.4,12.81076579,32.06191623510995,6.121335815932425
0.4,0.4,13.03638961,32.06191623510995,6.121335815932425
0.4,0.4,24.70078394,32.06191623510995,6.121335815932425
0.4,0.6,14.50339236,34.41643066203653,6.27390644339996
0.4,0.6,15.28833417,34.41643066203653,6.27390644339996
0.4,0.6,10.53970826,34.41643066203653,6.27390644339996
0.4,0.6,10.26165991,34.41643066203653,6.27390644339996
0.4,0.6,25.63109961,34.41643066203653,6.27390644339996
0.4,0.6,12.80902728,34.41643066203653,6.27390644339996
0.4,0.6,25.06412807,34.41643066203653,6.27390644339996
0.4,0.6,12.58360095,34.41643066203653,6.27390644339996
0.4,0.6,9.481023462,34.41643066203653,6.27390644339996
0.4,0.6,24.43617062,34.41643066203653,6.27390644339996
0.4,0.6,13.99738472,34.41643066203653,6.27390644339996
0.4,0.6,20.00716318,34.41643066203653,6.27390644339996
0.4,0.6,17.09321776,34.41643066203653,6.27390644339996
0.4,0.6,19.53565509,34.41643066203653,6.27390644339996
0.4,0.6,11.61252583,34.41643066203653,6.27390644339996
0.4,0.6,13.95425027,34.41643066203653,6.27390644339996
0.4,0.6,16.69662832,34.41643066203653,6.27390644339996
0.4,0.6,11.76154779,34.41643066203653,6.27390644339996
0.4,0.6,13.33475116,34.41643066203653,6.27390644339996
0.4,0.6,10.8663326,34.41643066203653,6.27390644339996
0.4,0.6,22.18860111,34.41643066203653,6.27390644339996
0.4,0.6,18.74086135,34.41643066203653,6.27390644339996
0.4,0.6,17.40829333,34.41643066203653,6.27390644339996
0.4,0.6,25.43380667,34.41643066203653,6.27390644339996
0.4,0.6,12.51517515,35.64284024580695,6.468223488183944
0.4,0.6,12.56482581,35.64284024580695,6.468223488183944
0.4,0.6,12.03119732,35.64284024580695,6.468223488183944
0.4,0.6,11.03877868,35.64284024580695,6.468223488183944
0.4,0.6,12.16725088,35.64284024580695,6.468223488183944
0.4,0.6,16.46201555,35.64284024580695,6.468223488183944
0.4,0.6,13.09929962,35.64284024580695,6.468223488183944
0.4,0.6,15.39004863,35.64284024580695,6.468223488183944
0.4,0.6,24.57778143,35.64284024580695,6.468223488183944
0.4,0.6,15.74745415,35.64284024580695,6.468223488183944
0.4,0.6,6.232511475,35.64284024580695,6.468223488183944
0.4,0.6,12.17038798,35.64284024580695,6.468223488183944
0.4,0.6,20.64885626,35.64284024580695,6.468223488183944
0.4,0.6,10.87849476,35.64284024580695,6.468223488183944
0.4,0.6,14.78635038,35.64284024580695,6.468223488183944
0.4,0.6,15.66304187,35.64284024580695,6.468223488183944
0.4,0.6,26.69737319,35.64284024580695,6.468223488183944
0.4,0.6,6.654543823,35.64284024580695,6.468223488183944
0.4,0.6,7.66883745,35.64284024580695,6.468223488183944
0.4,0.6,14.6259127,35.64284024580695,6.468223488183944
0.4,0.6,11.96123546,35.64284024580695,6.468223488183944
0.4,0.6,33.54477672,35.64284024580695,6.468223488183944
0.4,0.6,9.390987964,35.64284024580695,6.468223488183944
0.4,0.6,14.45687577,35.64284024580695,6.468223488183944
0.4,0.8,26.6216927,28.223435657289542,7.301597935916214
0.4,0.8,13.79544025,28.223435657289542,7.301597935916214
0.4,0.8,14.50516322,28.223435657289542,7.301597935916214
0.4,0.8,12.74310009,28.223435657289542,7.301597935916214
0.4,0.8,12.69240155,28.223435657289542,7.301597935916214
0.4,0.8,20.47355538,28.223435657289542,7.301597935916214
0.4,0.8,38.08252848,28.223435657289542,7.301597935916214
0.4,0.8,13.23781978,28.223435657289542,7.301597935916214
0.4,0.8,9.908627658,28.223435657289542,7.301597935916214
0.4,0.8,9.712585087,28.223435657289542,7.301597935916214
0.4,0.8,24.98773214,28.223435657289542,7.301597935916214
0.4,0.8,10.13542462,28.223435657289542,7.301597935916214
0.4,0.8,20.2447164,28.223435657289542,7.301597935916214
0.4,0.8,18.17767464,28.223435657289542,7.301597935916214
0.4,0.8,8.48261135,28.223435657289542,7.301597935916214
0.4,0.8,16.41193442,28.223435657289542,7.301597935916214
0.4,0.8,21.15127623,28.223435657289542,7.301597935916214
0.4,0.8,12.08474947,28.223435657289542,7.301597935916214
0.4,0.8,19.55806537,28.223435657289542,7.301597935916214
0.4,0.8,35.74163764,28.223435657289542,7.301597935916214
0.4,0.8,8.343599536,28.223435657289542,7.301597935916214
0.4,0.8,14.87517589,28.223435657289542,7.301597935916214
0.4,0.8,17.89006272,28.223435657289542,7.301597935916214
0.4,0.8,22.78350834,28.223435657289542,7.301597935916214
0.4,0.8,27.52917028,35.01258130481233,6.832970389190087
0.4,0.8,13.27940781,35.01258130481233,6.832970389190087
0.4,0.8,7.698507771,35.01258130481233,6.832970389190087
0.4,0.8,24.01015222,35.01258130481233,6.832970389190087
0.4,0.8,44.7650836,35.01258130481233,6.832970389190087
0.4,0.8,13.60681714,35.01258130481233,6.832970389190087
0.4,0.8,12.89629901,35.01258130481233,6.832970389190087
0.4,0.8,34.3470389,35.01258130481233,6.832970389190087
0.4,0.8,24.94567564,35.01258130481233,6.832970389190087
0.4,0.8,14.76784946,35.01258130481233,6.832970389190087
0.4,0.8,24.22579012,35.01258130481233,6.832970389190087
0.4,0.8,17.62992801,35.01258130481233,6.832970389190087
0.4,0.8,19.04120169,35.01258130481233,6.832970389190087
0.4,0.8,9.015427547,35.01258130481233,6.832970389190087
0.4,0.8,21.3143835,35.01258130481233,6.832970389190087
0.4,0.8,15.11746489,35.01258130481233,6.832970389190087
0.4,0.8,8.712867755,35.01258130481233,6.832970389190087
0.4,0.8,17.03683119,35.01258130481233,6.832970389190087
0.4,0.8,11.3801342,35.01258130481233,6.832970389190087
0.4,0.8,18.7927607,35.01258130481233,6.832970389190087
0.4,0.8,9.354165121,35.01258130481233,6.832970389190087
0.4,0.8,27.5420141,35.01258130481233,6.832970389190087
0.4,0.8,13.19673101,35.01258130481233,6.832970389190087
0.4,0.8,16.31117293,35.01258130481233,6.832970389190087
0.6,0.2,9.325733039,19.309514969220345,6.1847163253906805
0.6,0.2,21.43620817,19.309514969220345,6.1847163253906805
0.6,0.2,10.17718109,19.309514969220345,6.1847163253906805
0.6,0.2,15.13252233,19.309514969220345,6.1847163253906805
0.6,0.2,14.63124313,19.309514969220345,6.1847163253906805
0.6,0.2,16.54919722,19.309514969220345,6.1847163253906805
0.6,0.2,11.64992632,19.309514969220345,6.1847163253906805
0.6,0.2,16.24344518,19.309514969220345,6.1847163253906805
0.6,0.2,8.789615256,19.309514969220345,6.1847163253906805
0.6,0.2,9.75263924,19.309514969220345,6.1847163253906805
0.6,0.2,8.926839823,19.309514969220345,6.1847163253906805
0.6,0.2,17.3513036,19.309514969220345,6.1847163253906805
0.6,0.2,11.03339768,19.309514969220345,6.1847163253906805
0.6,0.2,12.28678059,19.309514969220345,6.1847163253906805
0.6,0.2,10.42589024,19.309514969220345,6.1847163253906805
0.6,0.2,12.85271914,19.309514969220345,6.1847163253906805
0.6,0.2,7.794463188,19.309514969220345,6.1847163253906805
0.6,0.2,8.182484686,19.309514969220345,6.1847163253906805
0.6,0.2,9.139748716,19.309514969220345,6.1847163253906805
0.6,0.2,11.08913456,19.309514969220345,6.1847163253906805
0.6,0.2,7.545793363,19.309514969220345,6.1847163253906805
0.6,0.2,16.31966402,19.309514969220345,6.1847163253906805
0.6,0.2,25.0386791,19.309514969220345,6.1847163253906805
0.6,0.2,9.487943867,19.309514969220345,6.1847163253906805
0.6,0.4,10.50215344,25.671699868027304,6.606660111804294
0.6,0.4,9.962236482,25.671699868027304,6.606660111804294
0.6,0.4,11.15305466,25.671699868027304,6.606660111804294
0.6,0.4,10.45328975,25.671699868027304,6.606660111804294
0.6,0.4,11.49143001,25.671699868027304,6.606660111804294
0.6,0.4,5.16133343,25.671699868027304,6.606660111804294
0.6,0.4,31.17271799,25.671699868027304,6.606660111804294
0.6,0.4,13.4911347,25.671699868027304,6.606660111804294
0.6,0.4,9.549137539,25.671699868027304,6.606660111804294
0.6,0.4,14.44129508,25.671699868027304,6.606660111804294
0.6,0.4,8.694984781,25.671699868027304,6.606660111804294
0.6,0.4,10.97172608,25.671699868027304,6.606660111804294
0.6,0.4,9.624979446,25.671699868027304,6.606660111804294
0.6,0.4,15.09043618,25.671699868027304,6.606660111804294
0.6,0.4,17.5495648,25.671699868027304,6.606660111804294
0.6,0.4,4.846211022,25.671699868027304,6.606660111804294
0.6,0.4,10.80614321,25.671699868027304,6.606660111804294
0.6,0.4,18.24887205,25.671699868027304,6.606660111804294
0.6,0.4,9.192248089,25.671699868027304,6.606660111804294
0.6,0.4,33.20867886,25.671699868027304,6.606660111804294
0.6,0.4,15.21938666,25.671699868027304,6.606660111804294
0.6,0.4,8.439997256,25.671699868027304,6.606660111804294
0.6,0.4,11.55378414,25.671699868027304,6.606660111804294
0.6,0.4,19.03199116,25.671699868027304,6.606660111804294
0.6,0.6,19.32796198,27.859307520302423,6.634921111211891
0.6,0.6,10.67683311,27.859307520302423,6.634921111211891
0.6,0.6,10.68954201,27.859307520302423,6.634921111211891
0.6,0.6,15.14247397,27.859307520302423,6.634921111211891
0.6,0.6,11.171736,27.859307520302423,6.634921111211891
0.6,0.6,10.26928401,27.859307520302423,6.634921111211891
0.6,0.6,18.02100835,27.859307520302423,6.634921111211891
0.6,0.6,19.19631297,27.859307520302423,6.634921111211891
0.6,0.6,9.56120672,27.859307520302423,6.634921111211891
0.6,0.6,16.80207211,27.859307520302423,6.634921111211891
0.6,0.6,4.485187979,27.859307520302423,6.634921111211891
0.6,0.6,9.892773318,27.859307520302423,6.634921111211891
0.6,0.6,9.955059066,27.859307520302423,6.634921111211891
0.6,0.6,8.829549531,27.859307520302423,6.634921111211891
0.6,0.6,6.247594783,27.859307520302423,6.634921111211891
0.6,0.6,10.31521436,27.859307520302423,6.634921111211891
0.6,0.6,16.80921047,27.859307520302423,6.634921111211891
0.6,0.6,16.67050081,27.859307520302423,6.634921111211891
0.6,0.6,7.966554534,27.859307520302423,6.634921111211891
0.6,0.6,20.34934205,27.859307520302423,6.634921111211891
0.6,0.6,27.3145192,27.859307520302423,6.634921111211891
0.6,0.6,21.98206353,27.859307520302423,6.634921111211891
0.6,0.6,14.21084424,27.859307520302423,6.634921111211891
0.6,0.6,8.460072741,27.859307520302423,6.634921111211891
0.6,0.6,15.25649528,25.606364712611366,6.677237020898036
0.6,0.6,13.7202779,25.606364712611366,6.677237020898036
0.6,0.6,5.970832342,25.606364712611366,6.677237020898036
0.6,0.6,17.34476179,25.606364712611366,6.677237020898036
0.6,0.6,16.8728747,25.606364712611366,6.677237020898036
0.6,0.6,10.92155033,25.606364712611366,6.677237020898036
0.6,0.6,28.71710122,25.606364712611366,6.677237020898036
0.6,0.6,7.364610348,25.606364712611366,6.677237020898036
0.6,0.6,17.77414635,25.606364712611366,6.677237020898036
0.6,0.6,12.22255092,25.606364712611366,6.677237020898036
0.6,0.6,14.08795228,25.606364712611366,6.677237020898036
0.6,0.6,8.521063839,25.606364712611366,6.677237020898036
0.6,0.6,19.12953096,25.606364712611366,6.677237020898036
0.6,0.6,13.79078987,25.606364712611366,6.677237020898036
0.6,0.6,13.75643838,25.606364712611366,6.677237020898036
0.6,0.6,11.59398858,25.606364712611366,6.677237020898036
0.6,0.6,12.56395893,25.606364712611366,6.677237020898036
0.6,0.6,18.19590422,25.606364712611366,6.677237020898036
0.6,0.6,12.24459237,25.606364712611366,6.677237020898036
0.6,0.6,7.568777394,25.606364712611366,6.677237020898036
0.6,0.6,26.01968716,25.606364712611366,6.677237020898036
0.6,0.6,10.53392345,25.606364712611366,6.677237020898036
0.6,0.6,14.33238191,25.606364712611366,6.677237020898036
0.6,0.6,12.03151005,25.606364712611366,6.677237020898036
0.6,0.6,12.02465286,24.984451751662164,6.867584078921106
0.6,0.6,16.69208468,24.984451751662164,6.867584078921106
0.6,0.6,9.62569049,24.984451751662164,6.867584078921106
0.6,0.6,12.02719624,24.984451751662164,6.867584078921106
0.6,0.6,8.616595763,24.984451751662164,6.867584078921106
0.6,0.6,8.604553707,24.984451751662164,6.867584078921106
0.6,0.6,14.83585313,24.984451751662164,6.867584078921106
0.6,0.6,11.01131245,24.984451751662164,6.867584078921106
0.6,0.6,7.478122551,24.984451751662164,6.867584078921106
0.6,0.6,7.745691336,24.984451751662164,6.867584078921106
0.6,0.6,17.69061094,24.984451751662164,6.867584078921106
0.6,0.6,16.76213673,24.984451751662164,6.867584078921106
0.6,0.6,10.11866245,24.984451751662164,6.867584078921106
0.6,0.6,13.94030316,24.984451751662164,6.867584078921106
0.6,0.6,14.80749977,24.984451751662164,6.867584078921106
0.6,0.6,10.12847095,24.984451751662164,6.867584078921106
0.6,0.6,18.61833926,24.984451751662164,6.867584078921106
0.6,0.6,11.56284921,24.984451751662164,6.867584078921106
0.6,0.6,13.69348839,24.984451751662164,6.867584078921106
0.6,0.6,6.861177278,24.984451751662164,6.867584078921106
0.6,0.6,13.06291531,24.984451751662164,6.867584078921106
0.6,0.6,14.51302185,24.984451751662164,6.867584078921106
0.6,0.6,7.672863066,24.984451751662164,6.867584078921106
0.6,0.6,13.27189952,24.984451751662164,6.867584078921106
0.8,0.2,11.91565144,14.612647882568808,6.688921464363681
0.8,0.2,9.706603773,14.612647882568808,6.688921464363681
0.8,0.2,10.79101241,14.612647882568808,6.688921464363681
0.8,0.2,9.540433688,14.612647882568808,6.688921464363681
0.8,0.2,15.02277344,14.612647882568808,6.688921464363681
0.8,0.2,5.630124852,14.612647882568808,6.688921464363681
0.8,0.2,18.95347335,14.612647882568808,6.688921464363681
0.8,0.2,5.838526999,14.612647882568808,6.688921464363681
0.8,0.2,8.547065567,14.612647882568808,6.688921464363681
0.8,0.2,8.520532542,14.612647882568808,6.688921464363681
0.8,0.2,6.05528182,14.612647882568808,6.688921464363681
0.8,0.2,10.11683141,14.612647882568808,6.688921464363681
0.8,0.2,16.79336472,14.612647882568808,6.688921464363681
0.8,0.2,8.703052198,14.612647882568808,6.688921464363681
0.8,0.2,10.48905216,14.612647882568808,6.688921464363681
0.8,0.2,9.634971946,14.612647882568808,6.688921464363681
0.8,0.2,8.782421697,14.612647882568808,6.688921464363681
0.8,0.2,12.71871348,14.612647882568808,6.688921464363681
0.8,0.2,13.00249136,14.612647882568808,6.688921464363681
0.8,0.2,10.28051438,14.612647882568808,6.688921464363681
0.8,0.2,12.91850747,14.612647882568808,6.688921464363681
0.8,0.2,15.64005894,14.612647882568808,6.688921464363681
0.8,0.2,9.943714413,14.612647882568808,6.688921464363681
0.8,0.2,16.70216943,14.612647882568808,6.688921464363681
0.8,0.2,11.48997293,15.992166336736659,6.594563080616358
0.8,0.2,6.324518085,15.992166336736659,6.594563080616358
0.8,0.2,11.1549309,15.992166336736659,6.594563080616358
0.8,0.2,13.25394495,15.992166336736659,6.594563080616358
0.8,0.2,11.46898917,15.992166336736659,6.594563080616358
0.8,0.2,12.98056848,15.992166336736659,6.594563080616358
0.8,0.2,11.9132725,15.992166336736659,6.594563080616358
0.8,0.2,18.48986605,15.992166336736659,6.594563080616358
0.8,0.2,7.77523079,15.992166336736659,6.594563080616358
0.8,0.2,4.723719779,15.992166336736659,6.594563080616358
0.8,0.2,12.96650959,15.992166336736659,6.594563080616358
0.8,0.2,5.653410511,15.992166336736659,6.594563080616358
0.8,0.2,7.886851645,15.992166336736659,6.594563080616358
0.8,0.2,8.958666861,15.992166336736659,6.594563080616358
0.8,0.2,10.44736651,15.992166336736659,6.594563080616358
0.8,0.2,6.307941842,15.992166336736659,6.594563080616358
0.8,0.2,3.219169321,15.992166336736659,6.594563080616358
0.8,0.2,9.525177593,15.992166336736659,6.594563080616358
0.8,0.2,11.81451588,15.992166336736659,6.594563080616358
0.8,0.2,9.874477549,15.992166336736659,6.594563080616358
0.8,0.2,9.721282599,15.992166336736659,6.594563080616358
0.8,0.2,9.923833361,15.992166336736659,6.594563080616358
0.8,0.2,11.70410964,15.992166336736659,6.594563080616358
0.8,0.2,10.25940337,15.992166336736659,6.594563080616358
0.8,0.2,14.39641373,12.01155776426981,6.481014049905187
0.8,0.2,8.5930972,12.01155776426981,6.481014049905187
0.8,0.2,8.205762374,12.01155776426981,6.481014049905187
0.8,0.2,11.37755016,12.01155776426981,6.481014049905187
0.8,0.2,8.617672321,12.01155776426981,6.481014049905187
0.8,0.2,15.78023507,12.01155776426981,6.481014049905187
0.8,0.2,6.763341051,12.01155776426981,6.481014049905187
0.8,0.2,10.9831602,12.01155776426981,6.481014049905187
0.8,0.2,11.90489328,12.01155776426981,6.481014049905187
0.8,0.2,15.24697292,12.01155776426981,6.481014049905187
0.8,0.2,9.995267783,12.01155776426981,6.481014049905187
0.8,0.2,10.23923067,12.01155776426981,6.481014049905187
0.8,0.2,6.846916018,12.01155776426981,6.481014049905187
0.8,0.2,9.977060621,12.01155776426981,6.481014049905187
0.8,0.2,10.16564712,12.01155776426981,6.481014049905187
0.8,0.2,9.067126352,12.01155776426981,6.481014049905187
0.8,0.2,14.65952661,12.01155776426981,6.481014049905187
0.8,0.2,11.48888178,12.01155776426981,6.481014049905187
0.8,0.2,11.67380671,12.01155776426981,6.481014049905187
0.8,0.2,6.146248911,12.01155776426981,6.481014049905187
0.8,0.2,8.022697901,12.01155776426981,6.481014049905187
0.8,0.2,7.410001124,12.01155776426981,6.481014049905187
0.8,0.2,13.3843304,12.01155776426981,6.481014049905187
0.8,0.2,10.35038341,12.01155776426981,6.481014049905187
0.8,0.2,11.0345314,12.805509004739974,6.5151924697062915
0.8,0.2,6.733467748,12.805509004739974,6.5151924697062915
0.8,0.2,8.402716691,12.805509004739974,6.5151924697062915
0.8,0.2,10.36737262,12.805509004739974,6.5151924697062915
0.8,0.2,11.16921886,12.805509004739974,6.5151924697062915
0.8,0.2,9.504351034,12.805509004739974,6.5151924697062915
0.8,0.2,9.570236744,12.805509004739974,6.5151924697062915
0.8,0.2,8.806413832,12.805509004739974,6.5151924697062915
0.8,0.2,16.36956666,12.805509004739974,6.5151924697062915
0.8,0.2,10.39924386,12.805509004739974,6.5151924697062915
0.8,0.2,6.459484366,12.805509004739974,6.5151924697062915
0.8,0.2,25.41403472,12.805509004739974,6.5151924697062915
0.8,0.2,20.12972504,12.805509004739974,6.5151924697062915
0.8,0.2,4.493635602,12.805509004739974,6.5151924697062915
0.8,0.2,11.52886036,12.805509004739974,6.5151924697062915
0.8,0.2,16.11217056,12.805509004739974,6.5151924697062915
0.8,0.2,11.90384781,12.805509004739974,6.5151924697062915
0.8,0.2,15.70103624,12.805509004739974,6.5151924697062915
0.8,0.2,8.498535633,12.805509004739974,6.5151924697062915
0.8,0.2,14.48720355,12.805509004739974,6.5151924697062915
0.8,0.2,9.430100833,12.805509004739974,6.5151924697062915
0.8,0.2,13.01032001,12.805509004739974,6.5151924697062915
0.8,0.2,9.144547534,12.805509004739974,6.5151924697062915
0.8,0.2,8.419100308,12.805509004739974,6.5151924697062915
0.8,0.6,6.396264592,17.158810489849543,6.53031895501906
0.8,0.6,5.593145664,17.158810489849543,6.53031895501906
0.8,0.6,12.11404878,17.158810489849543,6.53031895501906
0.8,0.6,4.879855599,17.158810489849543,6.53031895501906
0.8,0.6,14.03837689,17.158810489849543,6.53031895501906
0.8,0.6,12.55840448,17.158810489849543,6.53031895501906
0.8,0.6,8.076593282,17.158810489849543,6.53031895501906
0.8,0.6,12.75946852,17.158810489849543,6.53031895501906
0.8,0.6,12.48073326,17.158810489849543,6.53031895501906
0.8,0.6,7.128888417,17.158810489849543,6.53031895501906
0.8,0.6,10.49435411,17.158810489849543,6.53031895501906
0.8,0.6,10.73215517,17.158810489849543,6.53031895501906
0.8,0.6,9.890794503,17.158810489849543,6.53031895501906
0.8,0.6,4.872862985,17.158810489849543,6.53031895501906
0.8,0.6,19.94216814,17.158810489849543,6.53031895501906
0.8,0.6,16.97432792,17.158810489849543,6.53031895501906
0.8,0.6,20.56324484,17.158810489849543,6.53031895501906
0.8,0.6,5.437845548,17.158810489849543,6.53031895501906
0.8,0.6,9.10729744,17.158810489849543,6.53031895501906
0.8,0.6,11.19723084,17.158810489849543,6.53031895501906
0.8,0.6,10.55411614,17.158810489849543,6.53031895501906
0.8,0.6,6.466973087,17.158810489849543,6.53031895501906
0.8,0.6,11.805324,17.158810489849543,6.53031895501906
0.8,0.6,11.13247561,17.158810489849543,6.53031895501906
0.8,0.8,11.82910946,21.78164064612656,6.945992722765988
0.8,0.8,29.15137947,21.78164064612656,6.945992722765988
0.8,0.8,13.29384393,21.78164064612656,6.945992722765988
0.8,0.8,11.13844653,21.78164064612656,6.945992722765988
0.8,0.8,12.81837724,21.78164064612656,6.945992722765988
0.8,0.8,12.91707875,21.78164064612656,6.945992722765988
0.8,0.8,9.498017988,21.78164064612656,6.945992722765988
0.8,0.8,11.2640897,21.78164064612656,6.945992722765988
0.8,0.8,7.35058851,21.78164064612656,6.945992722765988
0.8,0.8,13.94979599,21.78164064612656,6.945992722765988
0.8,0.8,11.93832829,21.78164064612656,6.945992722765988
0.8,0.8,7.334312826,21.78164064612656,6.945992722765988
0.8,0.8,9.237374544,21.78164064612656,6.945992722765988
0.8,0.8,12.23673897,21.78164064612656,6.945992722765988
0.8,0.8,9.816472054,21.78164064612656,6.945992722765988
0.8,0.8,12.8606884,21.78164064612656,6.945992722765988
0.8,0.8,13.54333156,21.78164064612656,6.945992722765988
0.8,0.8,4.772290635,21.78164064612656,6.945992722765988
0.8,0.8,26.81246891,21.78164064612656,6.945992722765988
0.8,0.8,7.912003884,21.78164064612656,6.945992722765988
0.8,0.8,14.33637244,21.78164064612656,6.945992722765988
0.8,0.8,16.21048505,21.78164064612656,6.945992722765988
0.8,0.8,8.126897373,21.78164064612656,6.945992722765988
0.8,0.8,8.992042497,21.78164064612656,6.945992722765988
