Comp,BID,rg_true,rg_pred,rg_std
0.1,0.2,10.30416954,13.03457024693489,0.2952446596169674
0.1,0.2,13.64904144,13.03457024693489,0.2952446596169674
0.1,0.2,10.78260429,13.03457024693489,0.2952446596169674
0.1,0.2,9.705923682,13.03457024693489,0.2952446596169674
0.1,0.2,10.24378006,13.03457024693489,0.2952446596169674
0.1,0.2,9.98109091,13.03457024693489,0.2952446596169674
0.1,0.2,13.65811815,13.03457024693489,0.2952446596169674
0.1,0.2,15.54619216,13.03457024693489,0.2952446596169674
0.1,0.2,14.70675538,13.03457024693489,0.2952446596169674
0.1,0.2,15.75762859,13.03457024693489,0.2952446596169674
0.1,0.2,12.00509369,13.03457024693489,0.2952446596169674
0.1,0.2,14.36361601,13.03457024693489,0.2952446596169674
0.1,0.2,11.97795382,13.03457024693489,0.2952446596169674
0.1,0.2,11.80152872,13.03457024693489,0.2952446596169674
0.1,0.2,13.38190597,13.03457024693489,0.2952446596169674
0.1,0.2,12.3522146,13.03457024693489,0.2952446596169674
0.1,0.2,15.28687758,13.03457024693489,0.2952446596169674
0.1,0.2,13.66829174,13.03457024693489,0.2952446596169674
0.1,0.2,13.27502406,13.03457024693489,0.2952446596169674
0.1,0.2,12.34255765,13.03457024693489,0.2952446596169674
0.1,0.2,14.22044502,13.03457024693489,0.2952446596169674
0.1,0.2,16.67392235,13.03457024693489,0.2952446596169674
0.1,0.2,11.88396448,13.03457024693489,0.2952446596169674
0.1,0.2,14.60274155,13.03457024693489,0.2952446596169674
0.1,0.4,14.34683859,14.332509890198708,0.27293737889090647
0.1,0.4,13.98522857,14.332509890198708,0.27293737889090647
0.1,0.4,13.14180472,14.332509890198708,0.27293737889090647
0.1,0.4,15.23900686,14.332509890198708,0.27293737889090647
0.1,0.4,14.60656478,14.332509890198708,0.27293737889090647
0.1,0.4,12.52337486,14.332509890198708,0.27293737889090647
0.1,0.4,14.33811166,14.332509890198708,0.27293737889090647
0.1,0.4,13.99621805,14.332509890198708,0.27293737889090647
0.1,0.4,13.36805712,14.332509890198708,0.27293737889090647
0.1,0.4,12.86502931,14.332509890198708,0.27293737889090647
0.1,0.4,13.71358011,14.332509890198708,0.27293737889090647
0.1,0.4,11.64074132,14.332509890198708,0.27293737889090647
0.1,0.4,14.13137558,14.332509890198708,0.27293737889090647
0.1,0.4,14.61538329,14.332509890198708,0.27293737889090647
0.1,0.4,12.07018881,14.332509890198708,0.27293737889090647
0.1,0.4,13.05776958,14.332509890198708,0.27293737889090647
0.1,0.4,12.50767813,14.332509890198708,0.27293737889090647
0.1,0.4,12.87107272,14.332509890198708,0.27293737889090647
0.1,0.4,13.33669999,14.332509890198708,0.27293737889090647
0.1,0.4,13.03099137,14.332509890198708,0.27293737889090647
0.1,0.4,15.39922237,14.332509890198708,0.27293737889090647
0.1,0.4,16.73965592,14.332509890198708,0.27293737889090647
0.1,0.4,12.60086717,14.332509890198708,0.27293737889090647
0.1,0.4,12.58108056,14.332509890198708,0.27293737889090647
0.1,0.6,11.75800035,14.114186748862267,0.3890435309612879
0.1,0.6,15.14215334,14.114186748862267,0.3890435309612879
0.1,0.6,11.92970404,14.114186748862267,0.3890435309612879
0.1,0.6,13.22728084,14.114186748862267,0.3890435309612879
0.1,0.6,12.68063693,14.114186748862267,0.3890435309612879
0.1,0.6,12.88451674,14.114186748862267,0.3890435309612879
0.1,0.6,11.111012,14.114186748862267,0.3890435309612879
0.1,0.6,13.518998,14.114186748862267,0.3890435309612879
0.1,0.6,16.02737835,14.114186748862267,0.3890435309612879
0.1,0.6,16.14090136,14.114186748862267,0.3890435309612879
0.1,0.6,16.72293695,14.114186748862267,0.3890435309612879
0.1,0.6,12.50640466,14.114186748862267,0.3890435309612879
0.1,0.6,14.88742391,14.114186748862267,0.3890435309612879
0.1,0.6,15.48946472,14.114186748862267,0.3890435309612879
0.1,0.6,10.99679305,14.114186748862267,0.3890435309612879
0.1,0.6,15.00995433,14.114186748862267,0.3890435309612879
0.1,0.6,13.19715293,14.114186748862267,0.3890435309612879
0.1,0.6,13.76775022,14.114186748862267,0.3890435309612879
0.1,0.6,10.74009087,14.114186748862267,0.3890435309612879
0.1,0.6,11.52855715,14.114186748862267,0.3890435309612879
0.1,0.6,14.30552887,14.114186748862267,0.3890435309612879
0.1,0.6,12.5859103,14.114186748862267,0.3890435309612879
0.1,0.6,18.22853266,14.114186748862267,0.3890435309612879
0.1,0.6,15.44763562,14.114186748862267,0.3890435309612879
0.1,0.6,15.26520486,14.442852020263672,0.3252058021592663
0.1,0.6,12.69087441,14.442852020263672,0.3252058021592663
0.1,0.6,13.83938896,14.442852020263672,0.3252058021592663
0.1,0.6,13.57883393,14.442852020263672,0.3252058021592663
0.1,0.6,11.94331789,14.442852020263672,0.3252058021592663
0.1,0.6,16.87283463,14.442852020263672,0.3252058021592663
0.1,0.6,14.30276391,14.442852020263672,0.3252058021592663
0.1,0.6,9.987008351,14.442852020263672,0.3252058021592663
0.1,0.6,17.45553627,14.442852020263672,0.3252058021592663
0.1,0.6,18.38162863,14.442852020263672,0.3252058021592663
0.1,0.6,12.00776664,14.442852020263672,0.3252058021592663
0.1,0.6,17.82681746,14.442852020263672,0.3252058021592663
0.1,0.6,13.3328867,14.442852020263672,0.3252058021592663
0.1,0.6,17.48785424,14.442852020263672,0.3252058021592663
0.1,0.6,15.33312972,14.442852020263672,0.3252058021592663
0.1,0.6,17.33224636,14.442852020263672,0.3252058021592663
0.1,0.6,11.55853938,14.442852020263672,0.3252058021592663
0.1,0.6,14.35102856,14.442852020263672,0.3252058021592663
0.1,0.6,15.89577168,14.442852020263672,0.3252058021592663
0.1,0.6,16.77605408,14.442852020263672,0.3252058021592663
0.1,0.6,10.84481851,14.442852020263672,0.3252058021592663
0.1,0.6,9.533650882,14.442852020263672,0.3252058021592663
0.1,0.6,12.63729854,14.442852020263672,0.3252058021592663
0.1,0.6,15.33131149,14.442852020263672,0.3252058021592663
0.1,0.6,12.35091548,14.571153774857521,0.2973031270098231
0.1,0.6,13.48258508,14.571153774857521,0.2973031270098231
0.1,0.6,10.54668107,14.571153774857521,0.2973031270098231
0.1,0.6,10.75994231,14.571153774857521,0.2973031270098231
0.1,0.6,13.72571792,14.571153774857521,0.2973031270098231
0.1,0.6,14.90207701,14.571153774857521,0.2973031270098231
0.1,0.6,17.7775977,14.571153774857521,0.2973031270098231
0.1,0.6,17.60198766,14.571153774857521,0.2973031270098231
0.1,0.6,12.13643819,14.571153774857521,0.2973031270098231
0.1,0.6,17.35416223,14.571153774857521,0.2973031270098231
0.1,0.6,11.68928341,14.571153774857521,0.2973031270098231
0.1,0.6,13.421439,14.571153774857521,0.2973031270098231
0.1,0.6,11.14984048,14.571153774857521,0.2973031270098231
0.1,0.6,19.36073221,14.571153774857521,0.2973031270098231
0.1,0.6,11.25355182,14.571153774857521,0.2973031270098231
0.1,0.6,16.8318753,14.571153774857521,0.2973031270098231
0.1,0.6,18.4349386,14.571153774857521,0.2973031270098231
0.1,0.6,11.83126911,14.571153774857521,0.2973031270098231
0.1,0.6,12.36062102,14.571153774857521,0.2973031270098231
0.1,0.6,13.85673591,14.571153774857521,0.2973031270098231
0.1,0.6,13.21838625,14.571153774857521,0.2973031270098231
0.1,0.6,12.11549395,14.571153774857521,0.2973031270098231
0.1,0.6,17.85989916,14.571153774857521,0.2973031270098231
0.1,0.6,18.06663285,14.571153774857521,0.2973031270098231
0.1,0.8,19.57138723,15.154523462057114,0.4095093662135923
0.1,0.8,18.72999513,15.154523462057114,0.4095093662135923
0.1,0.8,21.62337233,15.154523462057114,0.4095093662135923
0.1,0.8,11.44606619,15.154523462057114,0.4095093662135923
0.1,0.8,10.62104975,15.154523462057114,0.4095093662135923
0.1,0.8,13.57893364,15.154523462057114,0.4095093662135923
0.1,0.8,18.79251078,15.154523462057114,0.4095093662135923
0.1,0.8,19.41121816,15.154523462057114,0.4095093662135923
0.1,0.8,18.3583704,15.154523462057114,0.4095093662135923
0.1,0.8,18.54499317,15.154523462057114,0.4095093662135923
0.1,0.8,18.03788055,15.154523462057114,0.4095093662135923
0.1,0.8,18.86760257,15.154523462057114,0.4095093662135923
0.1,0.8,15.06197925,15.154523462057114,0.4095093662135923
0.1,0.8,14.44696562,15.154523462057114,0.4095093662135923
0.1,0.8,14.12467117,15.154523462057114,0.4095093662135923
0.1,0.8,18.55023557,15.154523462057114,0.4095093662135923
0.1,0.8,18.78878927,15.154523462057114,0.4095093662135923
0.1,0.8,14.30447697,15.154523462057114,0.4095093662135923
0.1,0.8,13.8302722,15.154523462057114,0.4095093662135923
0.1,0.8,18.45083343,15.154523462057114,0.4095093662135923
0.1,0.8,17.2878731,15.154523462057114,0.4095093662135923
0.1,0.8,18.30191712,15.154523462057114,0.4095093662135923
0.1,0.8,18.33723167,15.154523462057114,0.4095093662135923
0.1,0.8,18.43293173,15.154523462057114,0.4095093662135923
0.1,0.8,16.55905119,15.065138891339302,0.42509019599655234
0.1,0.8,11.87699091,15.065138891339302,0.42509019599655234
0.1,0.8,16.73494441,15.065138891339302,0.42509019599655234
0.1,0.8,18.85337134,15.065138891339302,0.42509019599655234
0.1,0.8,11.81883713,15.065138891339302,0.42509019599655234
0.1,0.8,11.8984269,15.065138891339302,0.42509019599655234
0.1,0.8,11.98688953,15.065138891339302,0.42509019599655234
0.1,0.8,12.21559434,15.065138891339302,0.42509019599655234
0.1,0.8,19.03594,15.065138891339302,0.42509019599655234
0.1,0.8,13.91979891,15.065138891339302,0.42509019599655234
0.1,0.8,14.76011415,15.065138891339302,0.42509019599655234
0.1,0.8,13.79522368,15.065138891339302,0.42509019599655234
0.1,0.8,16.7101801,15.065138891339302,0.42509019599655234
0.1,0.8,12.31431237,15.065138891339302,0.42509019599655234
0.1,0.8,13.85808212,15.065138891339302,0.42509019599655234
0.1,0.8,12.81042388,15.065138891339302,0.42509019599655234
0.1,0.8,17.6988038,15.065138891339302,0.42509019599655234
0.1,0.8,16.89219798,15.065138891339302,0.42509019599655234
0.1,0.8,17.90217431,15.065138891339302,0.42509019599655234
0.1,0.8,13.64919965,15.065138891339302,0.42509019599655234
0.1,0.8,11.88235918,15.065138891339302,0.42509019599655234
0.1,0.8,19.20194206,15.065138891339302,0.42509019599655234
0.1,0.8,16.94183468,15.065138891339302,0.42509019599655234
0.1,0.8,11.89687302,15.065138891339302,0.42509019599655234
0.15,0.2,12.65840344,12.180690199136734,0.36484583057504916
0.15,0.2,9.435597419,12.180690199136734,0.36484583057504916
0.15,0.2,11.13089544,12.180690199136734,0.36484583057504916
0.15,0.2,11.15926305,12.180690199136734,0.36484583057504916
0.15,0.2,11.02806673,12.180690199136734,0.36484583057504916
0.15,0.2,12.94598394,12.180690199136734,0.36484583057504916
0.15,0.2,10.33494626,12.180690199136734,0.36484583057504916
0.15,0.2,9.573912035,12.180690199136734,0.36484583057504916
0.15,0.2,10.18891734,12.180690199136734,0.36484583057504916
0.15,0.2,11.58231051,12.180690199136734,0.36484583057504916
0.15,0.2,9.824180817,12.180690199136734,0.36484583057504916
0.15,0.2,10.20533236,12.180690199136734,0.36484583057504916
0.15,0.2,10.80276326,12.180690199136734,0.36484583057504916
0.15,0.2,11.16775243,12.180690199136734,0.36484583057504916
0.15,0.2,10.88663783,12.180690199136734,0.36484583057504916
0.15,0.2,9.826800927,12.180690199136734,0.36484583057504916
0.15,0.2,9.99765911,12.180690199136734,0.36484583057504916
0.15,0.2,11.308837,12.180690199136734,0.36484583057504916
0.15,0.2,8.702018574,12.180690199136734,0.36484583057504916
0.15,0.2,9.798545817,12.180690199136734,0.36484583057504916
0.15,0.2,9.176257379,12.180690199136734,0.36484583057504916
0.15,0.2,10.13226119,12.180690199136734,0.36484583057504916
0.15,0.2,13.77989426,12.180690199136734,0.36484583057504916
0.15,0.2,9.178746447,12.180690199136734,0.36484583057504916
0.15,0.4,11.01679265,13.208248749375343,0.3870906722334377
0.15,0.4,10.80375095,13.208248749375343,0.3870906722334377
0.15,0.4,15.33404029,13.208248749375343,0.3870906722334377
0.15,0.4,11.38949811,13.208248749375343,0.3870906722334377
0.15,0.4,14.20453804,13.208248749375343,0.3870906722334377
0.15,0.4,9.906434356,13.208248749375343,0.3870906722334377
0.15,0.4,11.95472073,13.208248749375343,0.3870906722334377
0.15,0.4,11.42664886,13.208248749375343,0.3870906722334377
0.15,0.4,11.41719626,13.208248749375343,0.3870906722334377
0.15,0.4,10.05880975,13.208248749375343,0.3870906722334377
0.15,0.4,9.52123789,13.208248749375343,0.3870906722334377
0.15,0.4,10.04770217,13.208248749375343,0.3870906722334377
0.15,0.4,13.50164114,13.208248749375343,0.3870906722334377
0.15,0.4,11.1396345,13.208248749375343,0.3870906722334377
0.15,0.4,11.29353632,13.208248749375343,0.3870906722334377
0.15,0.4,12.58088143,13.208248749375343,0.3870906722334377
0.15,0.4,9.638548679,13.208248749375343,0.3870906722334377
0.15,0.4,10.36014256,13.208248749375343,0.3870906722334377
0.15,0.4,11.83159474,13.208248749375343,0.3870906722334377
0.15,0.4,9.455930556,13.208248749375343,0.3870906722334377
0.15,0.4,10.38292725,13.208248749375343,0.3870906722334377
0.15,0.4,10.25557128,13.208248749375343,0.3870906722334377
0.15,0.4,9.466409598,13.208248749375343,0.3870906722334377
0.15,0.4,12.96156754,13.208248749375343,0.3870906722334377
0.15,0.4,13.34752435,13.050218746066093,0.4188472038780828
0.15,0.4,10.17559815,13.050218746066093,0.4188472038780828
0.15,0.4,14.071227,13.050218746066093,0.4188472038780828
0.15,0.4,13.09430592,13.050218746066093,0.4188472038780828
0.15,0.4,10.66597287,13.050218746066093,0.4188472038780828
0.15,0.4,10.88424563,13.050218746066093,0.4188472038780828
0.15,0.4,14.34364906,13.050218746066093,0.4188472038780828
0.15,0.4,9.024395294,13.050218746066093,0.4188472038780828
0.15,0.4,11.25194555,13.050218746066093,0.4188472038780828
0.15,0.4,9.559288332,13.050218746066093,0.4188472038780828
0.15,0.4,12.10810827,13.050218746066093,0.4188472038780828
0.15,0.4,12.88703668,13.050218746066093,0.4188472038780828
0.15,0.4,14.51797924,13.050218746066093,0.4188472038780828
0.15,0.4,9.693546288,13.050218746066093,0.4188472038780828
0.15,0.4,11.40434046,13.050218746066093,0.4188472038780828
0.15,0.4,13.31959879,13.050218746066093,0.4188472038780828
0.15,0.4,12.93686527,13.050218746066093,0.4188472038780828
0.15,0.4,16.0577115,13.050218746066093,0.4188472038780828
0.15,0.4,11.10929104,13.050218746066093,0.4188472038780828
0.15,0.4,10.24119466,13.050218746066093,0.4188472038780828
0.15,0.4,11.25449742,13.050218746066093,0.4188472038780828
0.15,0.4,9.319049796,13.050218746066093,0.4188472038780828
0.15,0.4,14.38710515,13.050218746066093,0.4188472038780828
0.15,0.4,9.510074291,13.050218746066093,0.4188472038780828
0.15,0.4,11.1874788,14.20600451529026,0.41341968791015526
0.15,0.4,11.61143998,14.20600451529026,0.41341968791015526
0.15,0.4,9.790308146,14.20600451529026,0.41341968791015526
0.15,0.4,14.20256564,14.20600451529026,0.41341968791015526
0.15,0.4,16.70237091,14.20600451529026,0.41341968791015526
0.15,0.4,11.75978467,14.20600451529026,0.41341968791015526
0.15,0.4,13.27488684,14.20600451529026,0.41341968791015526
0.15,0.4,13.21060109,14.20600451529026,0.41341968791015526
0.15,0.4,11.51604105,14.20600451529026,0.41341968791015526
0.15,0.4,12.54886919,14.20600451529026,0.41341968791015526
0.15,0.4,11.16192704,14.20600451529026,0.41341968791015526
0.15,0.4,11.29939983,14.20600451529026,0.41341968791015526
0.15,0.4,11.40609371,14.20600451529026,0.41341968791015526
0.15,0.4,14.01143358,14.20600451529026,0.41341968791015526
0.15,0.4,11.39381043,14.20600451529026,0.41341968791015526
0.15,0.4,9.512773282,14.20600451529026,0.41341968791015526
0.15,0.4,10.94248561,14.20600451529026,0.41341968791015526
0.15,0.4,9.087573712,14.20600451529026,0.41341968791015526
0.15,0.4,10.41985753,14.20600451529026,0.41341968791015526
0.15,0.4,13.35581221,14.20600451529026,0.41341968791015526
0.15,0.4,14.09363545,14.20600451529026,0.41341968791015526
0.15,0.4,11.3103718,14.20600451529026,0.41341968791015526
0.15,0.4,13.21720266,14.20600451529026,0.41341968791015526
0.15,0.4,12.6066155,14.20600451529026,0.41341968791015526
0.15,0.6,11.96257636,14.702551811933517,0.3562822069173026
0.15,0.6,13.16728768,14.702551811933517,0.3562822069173026
0.15,0.6,10.44574484,14.702551811933517,0.3562822069173026
0.15,0.6,10.86088202,14.702551811933517,0.3562822069173026
0.15,0.6,12.0179282,14.702551811933517,0.3562822069173026
0.15,0.6,10.83735334,14.702551811933517,0.3562822069173026
0.15,0.6,7.904055921,14.702551811933517,0.3562822069173026
0.15,0.6,11.72995207,14.702551811933517,0.3562822069173026
0.15,0.6,10.65338646,14.702551811933517,0.3562822069173026
0.15,0.6,9.970666254,14.702551811933517,0.3562822069173026
0.15,0.6,10.44994109,14.702551811933517,0.3562822069173026
0.15,0.6,12.8868757,14.702551811933517,0.3562822069173026
0.15,0.6,10.45106661,14.702551811933517,0.3562822069173026
0.15,0.6,12.74934886,14.702551811933517,0.3562822069173026
0.15,0.6,10.13512693,14.702551811933517,0.3562822069173026
0.15,0.6,11.17056966,14.702551811933517,0.3562822069173026
0.15,0.6,9.150405689,14.702551811933517,0.3562822069173026
0.15,0.6,12.04362105,14.702551811933517,0.3562822069173026
0.15,0.6,15.46599068,14.702551811933517,0.3562822069173026
0.15,0.6,12.39132676,14.702551811933517,0.3562822069173026
0.15,0.6,12.73684715,14.702551811933517,0.3562822069173026
0.15,0.6,11.84352647,14.702551811933517,0.3562822069173026
0.15,0.6,9.872119176,14.702551811933517,0.3562822069173026
0.15,0.6,11.59521563,14.702551811933517,0.3562822069173026
0.15,0.6,11.30062845,14.402175262570381,0.40114303950928454
0.15,0.6,12.28069922,14.402175262570381,0.40114303950928454
0.15,0.6,11.7769968,14.402175262570381,0.40114303950928454
0.15,0.6,13.37290238,14.402175262570381,0.40114303950928454
0.15,0.6,10.63358289,14.402175262570381,0.40114303950928454
0.15,0.6,8.905577051,14.402175262570381,0.40114303950928454
0.15,0.6,14.08334678,14.402175262570381,0.40114303950928454
0.15,0.6,12.09872404,14.402175262570381,0.40114303950928454
0.15,0.6,12.52018136,14.402175262570381,0.40114303950928454
0.15,0.6,13.65060221,14.402175262570381,0.40114303950928454
0.15,0.6,11.05880402,14.402175262570381,0.40114303950928454
0.15,0.6,9.540714391,14.402175262570381,0.40114303950928454
0.15,0.6,12.25519834,14.402175262570381,0.40114303950928454
0.15,0.6,10.57782771,14.402175262570381,0.40114303950928454
0.15,0.6,12.04639335,14.402175262570381,0.40114303950928454
0.15,0.6,13.08531405,14.402175262570381,0.40114303950928454
0.15,0.6,10.68201931,14.402175262570381,0.40114303950928454
0.15,0.6,11.89959098,14.402175262570381,0.40114303950928454
0.15,0.6,9.355470472,14.402175262570381,0.40114303950928454
0.15,0.6,12.63607012,14.402175262570381,0.40114303950928454
0.15,0.6,11.34202688,14.402175262570381,0.40114303950928454
0.15,0.6,11.76554164,14.402175262570381,0.40114303950928454
0.15,0.6,9.56985646,14.402175262570381,0.40114303950928454
0.15,0.6,12.38854475,14.402175262570381,0.40114303950928454
0.15,0.8,12.32504251,14.350959472358227,0.46721862885898385
0.15,0.8,11.30781269,14.350959472358227,0.46721862885898385
0.15,0.8,15.20196713,14.350959472358227,0.46721862885898385
0.15,0.8,11.77748773,14.350959472358227,0.46721862885898385
0.15,0.8,8.983092449,14.350959472358227,0.46721862885898385
0.15,0.8,16.85337153,14.350959472358227,0.46721862885898385
0.15,0.8,12.27838152,14.350959472358227,0.46721862885898385
0.15,0.8,12.3391965,14.350959472358227,0.46721862885898385
0.15,0.8,10.95159119,14.350959472358227,0.46721862885898385
0.15,0.8,15.73673069,14.350959472358227,0.46721862885898385
0.15,0.8,14.39373842,14.350959472358227,0.46721862885898385
0.15,0.8,13.31004907,14.350959472358227,0.46721862885898385
0.15,0.8,15.37716629,14.350959472358227,0.46721862885898385
0.15,0.8,17.43624882,14.350959472358227,0.46721862885898385
0.15,0.8,14.06284322,14.350959472358227,0.46721862885898385
0.15,0.8,12.20041175,14.350959472358227,0.46721862885898385
0.15,0.8,16.61237674,14.350959472358227,0.46721862885898385
0.15,0.8,15.76727027,14.350959472358227,0.46721862885898385
0.15,0.8,12.78470127,14.350959472358227,0.46721862885898385
0.15,0.8,13.81132826,14.350959472358227,0.46721862885898385
0.15,0.8,10.61684042,14.350959472358227,0.46721862885898385
0.15,0.8,15.41117124,14.350959472358227,0.46721862885898385
0.15,0.8,11.94083466,14.350959472358227,0.46721862885898385
0.15,0.8,13.19114894,14.350959472358227,0.46721862885898385
0.2,0.4,9.087562105,13.454310789704323,0.3162977854655326
0.2,0.4,10.09848368,13.454310789704323,0.3162977854655326
0.2,0.4,12.39751544,13.454310789704323,0.3162977854655326
0.2,0.4,9.634610832,13.454310789704323,0.3162977854655326
0.2,0.4,9.047139194,13.454310789704323,0.3162977854655326
0.2,0.4,11.3776799,13.454310789704323,0.3162977854655326
0.2,0.4,11.14992892,13.454310789704323,0.3162977854655326
0.2,0.4,12.5543016,13.454310789704323,0.3162977854655326
0.2,0.4,8.605300948,13.454310789704323,0.3162977854655326
0.2,0.4,9.194334508,13.454310789704323,0.3162977854655326
0.2,0.4,13.87604967,13.454310789704323,0.3162977854655326
0.2,0.4,9.84390753,13.454310789704323,0.3162977854655326
0.2,0.4,10.39639662,13.454310789704323,0.3162977854655326
0.2,0.4,16.01159116,13.454310789704323,0.3162977854655326
0.2,0.4,12.05621962,13.454310789704323,0.3162977854655326
0.2,0.4,9.83799008,13.454310789704323,0.3162977854655326
0.2,0.4,13.22236642,13.454310789704323,0.3162977854655326
0.2,0.4,10.02571323,13.454310789704323,0.3162977854655326
0.2,0.4,13.08944598,13.454310789704323,0.3162977854655326
0.2,0.4,10.95800696,13.454310789704323,0.3162977854655326
0.2,0.4,11.06117748,13.454310789704323,0.3162977854655326
0.2,0.4,13.49685633,13.454310789704323,0.3162977854655326
0.2,0.4,11.41207031,13.454310789704323,0.3162977854655326
0.2,0.4,10.63913335,13.454310789704323,0.3162977854655326
0.2,0.6,12.0418153,13.288711473345757,0.47391477849298175
0.2,0.6,9.586223843,13.288711473345757,0.47391477849298175
0.2,0.6,10.90448254,13.288711473345757,0.47391477849298175
0.2,0.6,13.37697755,13.288711473345757,0.47391477849298175
0.2,0.6,8.926770794,13.288711473345757,0.47391477849298175
0.2,0.6,11.08157092,13.288711473345757,0.47391477849298175
0.2,0.6,9.206720197,13.288711473345757,0.47391477849298175
0.2,0.6,12.71509304,13.288711473345757,0.47391477849298175
0.2,0.6,8.7968782,13.288711473345757,0.47391477849298175
0.2,0.6,9.450450802,13.288711473345757,0.47391477849298175
0.2,0.6,9.368261892,13.288711473345757,0.47391477849298175
0.2,0.6,13.03130378,13.288711473345757,0.47391477849298175
0.2,0.6,8.699476808,13.288711473345757,0.47391477849298175
0.2,0.6,10.01833281,13.288711473345757,0.47391477849298175
0.2,0.6,10.58022677,13.288711473345757,0.47391477849298175
0.2,0.6,8.666378459,13.288711473345757,0.47391477849298175
0.2,0.6,10.32844686,13.288711473345757,0.47391477849298175
0.2,0.6,9.996326286,13.288711473345757,0.47391477849298175
0.2,0.6,9.960918833,13.288711473345757,0.47391477849298175
0.2,0.6,9.30090546,13.288711473345757,0.47391477849298175
0.2,0.6,10.29733872,13.288711473345757,0.47391477849298175
0.2,0.6,12.11485121,13.288711473345757,0.47391477849298175
0.2,0.6,11.86877687,13.288711473345757,0.47391477849298175
0.2,0.6,10.98189132,13.288711473345757,0.47391477849298175
0.2,0.8,13.78239818,12.464681476354599,0.6392115581803688
0.2,0.8,10.26856503,12.464681476354599,0.6392115581803688
0.2,0.8,11.37594403,12.464681476354599,0.6392115581803688
0.2,0.8,11.38810047,12.464681476354599,0.6392115581803688
0.2,0.8,8.534828021,12.464681476354599,0.6392115581803688
0.2,0.8,10.38369903,12.464681476354599,0.6392115581803688
0.2,0.8,10.65274445,12.464681476354599,0.6392115581803688
0.2,0.8,10.83025134,12.464681476354599,0.6392115581803688
0.2,0.8,14.14319548,12.464681476354599,0.6392115581803688
0.2,0.8,12.54371108,12.464681476354599,0.6392115581803688
0.2,0.8,13.99784189,12.464681476354599,0.6392115581803688
0.2,0.8,9.671636045,12.464681476354599,0.6392115581803688
0.2,0.8,15.25416411,12.464681476354599,0.6392115581803688
0.2,0.8,10.01485342,12.464681476354599,0.6392115581803688
0.2,0.8,11.61242766,12.464681476354599,0.6392115581803688
0.2,0.8,10.80055588,12.464681476354599,0.6392115581803688
0.2,0.8,11.37180671,12.464681476354599,0.6392115581803688
0.2,0.8,15.34492729,12.464681476354599,0.6392115581803688
0.2,0.8,8.764029786,12.464681476354599,0.6392115581803688
0.2,0.8,9.526980979,12.464681476354599,0.6392115581803688
0.2,0.8,12.56374656,12.464681476354599,0.6392115581803688
0.2,0.8,12.12211983,12.464681476354599,0.6392115581803688
0.2,0.8,12.75133361,12.464681476354599,0.6392115581803688
0.2,0.8,11.72697811,12.464681476354599,0.6392115581803688
0.2,0.8,10.05932028,13.954231508076191,0.5652710938867946
0.2,0.8,12.4387415,13.954231508076191,0.5652710938867946
0.2,0.8,12.35240652,13.954231508076191,0.5652710938867946
0.2,0.8,8.412495048,13.954231508076191,0.5652710938867946
0.2,0.8,7.980754265,13.954231508076191,0.5652710938867946
0.2,0.8,10.04872465,13.954231508076191,0.5652710938867946
0.2,0.8,15.12256297,13.954231508076191,0.5652710938867946
0.2,0.8,12.21655958,13.954231508076191,0.5652710938867946
0.2,0.8,12.1858885,13.954231508076191,0.5652710938867946
0.2,0.8,9.599196823,13.954231508076191,0.5652710938867946
0.2,0.8,11.63141267,13.954231508076191,0.5652710938867946
0.2,0.8,10.42393435,13.954231508076191,0.5652710938867946
0.2,0.8,12.5844824,13.954231508076191,0.5652710938867946
0.2,0.8,12.62849055,13.954231508076191,0.5652710938867946
0.2,0.8,12.10991782,13.954231508076191,0.5652710938867946
0.2,0.8,11.93194494,13.954231508076191,0.5652710938867946
0.2,0.8,11.88018127,13.954231508076191,0.5652710938867946
0.2,0.8,11.71057373,13.954231508076191,0.5652710938867946
0.2,0.8,10.18919367,13.954231508076191,0.5652710938867946
0.2,0.8,9.698633217,13.954231508076191,0.5652710938867946
0.2,0.8,11.2862796,13.954231508076191,0.5652710938867946
0.2,0.8,11.00061781,13.954231508076191,0.5652710938867946
0.2,0.8,11.65358942,13.954231508076191,0.5652710938867946
0.2,0.8,10.71271915,13.954231508076191,0.5652710938867946
0.2,0.8,13.25594211,13.037713296711445,0.5805776540846875
0.2,0.8,10.19103904,13.037713296711445,0.5805776540846875
0.2,0.8,17.8599817,13.037713296711445,0.5805776540846875
0.2,0.8,17.39778027,13.037713296711445,0.5805776540846875
0.2,0.8,12.11602187,13.037713296711445,0.5805776540846875
0.2,0.8,10.56012962,13.037713296711445,0.5805776540846875
0.2,0.8,17.76353134,13.037713296711445,0.5805776540846875
0.2,0.8,18.07101776,13.037713296711445,0.5805776540846875
0.2,0.8,17.94774961,13.037713296711445,0.5805776540846875
0.2,0.8,9.993511144,13.037713296711445,0.5805776540846875
0.2,0.8,9.882310235,13.037713296711445,0.5805776540846875
0.2,0.8,17.75618745,13.037713296711445,0.5805776540846875
0.2,0.8,18.86379279,13.037713296711445,0.5805776540846875
0.2,0.8,17.9857679,13.037713296711445,0.5805776540846875
0.2,0.8,18.12003436,13.037713296711445,0.5805776540846875
0.2,0.8,17.59366611,13.037713296711445,0.5805776540846875
0.2,0.8,18.25737365,13.037713296711445,0.5805776540846875
0.2,0.8,10.05428342,13.037713296711445,0.5805776540846875
0.2,0.8,17.68458825,13.037713296711445,0.5805776540846875
0.2,0.8,17.5326692,13.037713296711445,0.5805776540846875
0.2,0.8,12.85880985,13.037713296711445,0.5805776540846875
0.2,0.8,17.92888538,13.037713296711445,0.5805776540846875
0.2,0.8,10.31975748,13.037713296711445,0.5805776540846875
0.2,0.8,17.9201586,13.037713296711445,0.5805776540846875
0.25,0.4,8.623874169,12.77031672000885,0.4049431360502572
0.25,0.4,8.534958925,12.77031672000885,0.4049431360502572
0.25,0.4,9.563829662,12.77031672000885,0.4049431360502572
0.25,0.4,10.43013429,12.77031672000885,0.4049431360502572
0.25,0.4,10.88866777,12.77031672000885,0.4049431360502572
0.25,0.4,12.84037559,12.77031672000885,0.4049431360502572
0.25,0.4,9.435467056,12.77031672000885,0.4049431360502572
0.25,0.4,8.28552436,12.77031672000885,0.4049431360502572
0.25,0.4,9.325906899,12.77031672000885,0.4049431360502572
0.25,0.4,9.817031982,12.77031672000885,0.4049431360502572
0.25,0.4,9.738854543,12.77031672000885,0.4049431360502572
0.25,0.4,8.699098565,12.77031672000885,0.4049431360502572
0.25,0.4,8.873271885,12.77031672000885,0.4049431360502572
0.25,0.4,9.29296822,12.77031672000885,0.4049431360502572
0.25,0.4,10.26348618,12.77031672000885,0.4049431360502572
0.25,0.4,8.620600386,12.77031672000885,0.4049431360502572
0.25,0.4,8.780582042,12.77031672000885,0.4049431360502572
0.25,0.4,9.165475711,12.77031672000885,0.4049431360502572
0.25,0.4,10.79286648,12.77031672000885,0.4049431360502572
0.25,0.4,12.48560656,12.77031672000885,0.4049431360502572
0.25,0.4,7.90268626,12.77031672000885,0.4049431360502572
0.25,0.4,9.462842678,12.77031672000885,0.4049431360502572
0.25,0.4,10.33712432,12.77031672000885,0.4049431360502572
0.25,0.4,9.810426437,12.77031672000885,0.4049431360502572
0.25,0.4,11.04119272,12.229575455188751,0.5127377464035019
0.25,0.4,8.383565332,12.229575455188751,0.5127377464035019
0.25,0.4,9.009419518,12.229575455188751,0.5127377464035019
0.25,0.4,9.87728089,12.229575455188751,0.5127377464035019
0.25,0.4,12.74940231,12.229575455188751,0.5127377464035019
0.25,0.4,12.44996977,12.229575455188751,0.5127377464035019
0.25,0.4,8.833941519,12.229575455188751,0.5127377464035019
0.25,0.4,11.23488096,12.229575455188751,0.5127377464035019
0.25,0.4,11.73025812,12.229575455188751,0.5127377464035019
0.25,0.4,8.222308664,12.229575455188751,0.5127377464035019
0.25,0.4,9.676020698,12.229575455188751,0.5127377464035019
0.25,0.4,10.35454986,12.229575455188751,0.5127377464035019
0.25,0.4,8.867807831,12.229575455188751,0.5127377464035019
0.25,0.4,10.71554934,12.229575455188751,0.5127377464035019
0.25,0.4,9.248242646,12.229575455188751,0.5127377464035019
0.25,0.4,10.87332226,12.229575455188751,0.5127377464035019
0.25,0.4,9.349739122,12.229575455188751,0.5127377464035019
0.25,0.4,11.82216271,12.229575455188751,0.5127377464035019
0.25,0.4,10.09168118,12.229575455188751,0.5127377464035019
0.25,0.4,8.649041973,12.229575455188751,0.5127377464035019
0.25,0.4,8.88442003,12.229575455188751,0.5127377464035019
0.25,0.4,10.96160532,12.229575455188751,0.5127377464035019
0.25,0.4,10.76467945,12.229575455188751,0.5127377464035019
0.25,0.4,11.84593971,12.229575455188751,0.5127377464035019
0.25,0.6,10.9646839,13.379092305898666,0.5950647169138419
0.25,0.6,10.3248929,13.379092305898666,0.5950647169138419
0.25,0.6,9.836947161,13.379092305898666,0.5950647169138419
0.25,0.6,11.05345856,13.379092305898666,0.5950647169138419
0.25,0.6,9.419742631,13.379092305898666,0.5950647169138419
0.25,0.6,8.721434267,13.379092305898666,0.5950647169138419
0.25,0.6,10.28945182,13.379092305898666,0.5950647169138419
0.25,0.6,8.98588954,13.379092305898666,0.5950647169138419
0.25,0.6,9.413585685,13.379092305898666,0.5950647169138419
0.25,0.6,9.717754374,13.379092305898666,0.5950647169138419
0.25,0.6,9.784914398,13.379092305898666,0.5950647169138419
0.25,0.6,9.26624773,13.379092305898666,0.5950647169138419
0.25,0.6,9.548575396,13.379092305898666,0.5950647169138419
0.25,0.6,9.812626327,13.379092305898666,0.5950647169138419
0.25,0.6,10.53389189,13.379092305898666,0.5950647169138419
0.25,0.6,8.333638101,13.379092305898666,0.5950647169138419
0.25,0.6,8.959488379,13.379092305898666,0.5950647169138419
0.25,0.6,12.80808073,13.379092305898666,0.5950647169138419
0.25,0.6,8.811219677,13.379092305898666,0.5950647169138419
0.25,0.6,9.766534536,13.379092305898666,0.5950647169138419
0.25,0.6,12.56160709,13.379092305898666,0.5950647169138419
0.25,0.6,10.57670233,13.379092305898666,0.5950647169138419
0.25,0.6,12.15034265,13.379092305898666,0.5950647169138419
0.25,0.6,12.69632106,13.379092305898666,0.5950647169138419
0.25,0.6,8.418748196,13.926212579011917,0.4248311366675767
0.25,0.6,9.936885659,13.926212579011917,0.4248311366675767
0.25,0.6,8.012930854,13.926212579011917,0.4248311366675767
0.25,0.6,9.11678095,13.926212579011917,0.4248311366675767
0.25,0.6,11.96036706,13.926212579011917,0.4248311366675767
0.25,0.6,9.918355988,13.926212579011917,0.4248311366675767
0.25,0.6,9.313573339,13.926212579011917,0.4248311366675767
0.25,0.6,8.446662735,13.926212579011917,0.4248311366675767
0.25,0.6,9.961465514,13.926212579011917,0.4248311366675767
0.25,0.6,12.72720617,13.926212579011917,0.4248311366675767
0.25,0.6,15.07712125,13.926212579011917,0.4248311366675767
0.25,0.6,8.255502838,13.926212579011917,0.4248311366675767
0.25,0.6,11.76740552,13.926212579011917,0.4248311366675767
0.25,0.6,10.36746426,13.926212579011917,0.4248311366675767
0.25,0.6,9.515809818,13.926212579011917,0.4248311366675767
0.25,0.6,14.09302818,13.926212579011917,0.4248311366675767
0.25,0.6,9.835957636,13.926212579011917,0.4248311366675767
0.25,0.6,9.121094137,13.926212579011917,0.4248311366675767
0.25,0.6,7.78798027,13.926212579011917,0.4248311366675767
0.25,0.6,9.790220976,13.926212579011917,0.4248311366675767
0.25,0.6,9.349328168,13.926212579011917,0.4248311366675767
0.25,0.6,9.018657346,13.926212579011917,0.4248311366675767
0.25,0.6,10.22609288,13.926212579011917,0.4248311366675767
0.25,0.6,10.75208361,13.926212579011917,0.4248311366675767
0.3,0.2,10.4500964,12.324535936117172,0.4494227494010193
0.3,0.2,7.916688707,12.324535936117172,0.4494227494010193
0.3,0.2,9.535815004,12.324535936117172,0.4494227494010193
0.3,0.2,10.40709658,12.324535936117172,0.4494227494010193
0.3,0.2,10.7311067,12.324535936117172,0.4494227494010193
0.3,0.2,10.04681619,12.324535936117172,0.4494227494010193
0.3,0.2,8.495209603,12.324535936117172,0.4494227494010193
0.3,0.2,13.40021097,12.324535936117172,0.4494227494010193
0.3,0.2,9.273174246,12.324535936117172,0.4494227494010193
0.3,0.2,9.563753001,12.324535936117172,0.4494227494010193
0.3,0.2,10.08577539,12.324535936117172,0.4494227494010193
0.3,0.2,9.174450841,12.324535936117172,0.4494227494010193
0.3,0.2,8.499769714,12.324535936117172,0.4494227494010193
0.3,0.2,7.553447353,12.324535936117172,0.4494227494010193
0.3,0.2,9.466297102,12.324535936117172,0.4494227494010193
0.3,0.2,8.165102281,12.324535936117172,0.4494227494010193
0.3,0.2,12.51089607,12.324535936117172,0.4494227494010193
0.3,0.2,9.076615406,12.324535936117172,0.4494227494010193
0.3,0.2,8.876598559,12.324535936117172,0.4494227494010193
0.3,0.2,10.39269041,12.324535936117172,0.4494227494010193
0.3,0.2,8.063134748,12.324535936117172,0.4494227494010193
0.3,0.2,9.028507647,12.324535936117172,0.4494227494010193
0.3,0.2,8.227361908,12.324535936117172,0.4494227494010193
0.3,0.2,7.983603479,12.324535936117172,0.4494227494010193
0.3,0.4,9.490505137,11.96788676828146,0.5286092338949371
0.3,0.4,8.877391094,11.96788676828146,0.5286092338949371
0.3,0.4,7.854511631,11.96788676828146,0.5286092338949371
0.3,0.4,8.071372359,11.96788676828146,0.5286092338949371
0.3,0.4,7.643852373,11.96788676828146,0.5286092338949371
0.3,0.4,8.731813394,11.96788676828146,0.5286092338949371
0.3,0.4,10.18785512,11.96788676828146,0.5286092338949371
0.3,0.4,11.61315244,11.96788676828146,0.5286092338949371
0.3,0.4,7.550523393,11.96788676828146,0.5286092338949371
0.3,0.4,7.39704823,11.96788676828146,0.5286092338949371
0.3,0.4,9.939847035,11.96788676828146,0.5286092338949371
0.3,0.4,8.879731879,11.96788676828146,0.5286092338949371
0.3,0.4,10.02431305,11.96788676828146,0.5286092338949371
0.3,0.4,7.71630991,11.96788676828146,0.5286092338949371
0.3,0.4,11.33776272,11.96788676828146,0.5286092338949371
0.3,0.4,9.7807042,11.96788676828146,0.5286092338949371
0.3,0.4,11.63627313,11.96788676828146,0.5286092338949371
0.3,0.4,11.96647773,11.96788676828146,0.5286092338949371
0.3,0.4,12.33900818,11.96788676828146,0.5286092338949371
0.3,0.4,10.07436051,11.96788676828146,0.5286092338949371
0.3,0.4,7.324652755,11.96788676828146,0.5286092338949371
0.3,0.4,11.8645389,11.96788676828146,0.5286092338949371
0.3,0.4,10.28350596,11.96788676828146,0.5286092338949371
0.3,0.4,10.6237175,11.96788676828146,0.5286092338949371
0.3,0.4,10.5619532,13.125811770558357,0.3625304833479463
0.3,0.4,11.51033332,13.125811770558357,0.3625304833479463
0.3,0.4,9.992547565,13.125811770558357,0.3625304833479463
0.3,0.4,10.78643114,13.125811770558357,0.3625304833479463
0.3,0.4,10.82974416,13.125811770558357,0.3625304833479463
0.3,0.4,9.013974637,13.125811770558357,0.3625304833479463
0.3,0.4,8.701612262,13.125811770558357,0.3625304833479463
0.3,0.4,9.502802798,13.125811770558357,0.3625304833479463
0.3,0.4,10.47024662,13.125811770558357,0.3625304833479463
0.3,0.4,9.291377063,13.125811770558357,0.3625304833479463
0.3,0.4,11.04126414,13.125811770558357,0.3625304833479463
0.3,0.4,11.15654859,13.125811770558357,0.3625304833479463
0.3,0.4,8.776031149,13.125811770558357,0.3625304833479463
0.3,0.4,10.16789122,13.125811770558357,0.3625304833479463
0.3,0.4,9.681322676,13.125811770558357,0.3625304833479463
0.3,0.4,9.014571742,13.125811770558357,0.3625304833479463
0.3,0.4,9.960005147,13.125811770558357,0.3625304833479463
0.3,0.4,12.66968613,13.125811770558357,0.3625304833479463
0.3,0.4,11.73670851,13.125811770558357,0.3625304833479463
0.3,0.4,9.560656637,13.125811770558357,0.3625304833479463
0.3,0.4,8.038821979,13.125811770558357,0.3625304833479463
0.3,0.4,9.929212725,13.125811770558357,0.3625304833479463
0.3,0.4,7.701669976,13.125811770558357,0.3625304833479463
0.3,0.4,7.536507025,13.125811770558357,0.3625304833479463
0.3,0.6,10.39900684,12.628309056162834,0.5329979325322722
0.3,0.6,9.165035925,12.628309056162834,0.5329979325322722
0.3,0.6,9.098176555,12.628309056162834,0.5329979325322722
0.3,0.6,8.647030088,12.628309056162834,0.5329979325322722
0.3,0.6,8.571205584,12.628309056162834,0.5329979325322722
0.3,0.6,8.736904492,12.628309056162834,0.5329979325322722
0.3,0.6,8.208555853,12.628309056162834,0.5329979325322722
0.3,0.6,7.583074726,12.628309056162834,0.5329979325322722
0.3,0.6,9.925313596,12.628309056162834,0.5329979325322722
0.3,0.6,9.724821818,12.628309056162834,0.5329979325322722
0.3,0.6,8.775397148,12.628309056162834,0.5329979325322722
0.3,0.6,12.19408882,12.628309056162834,0.5329979325322722
0.3,0.6,7.789301109,12.628309056162834,0.5329979325322722
0.3,0.6,8.447536047,12.628309056162834,0.5329979325322722
0.3,0.6,8.969751227,12.628309056162834,0.5329979325322722
0.3,0.6,9.429735204,12.628309056162834,0.5329979325322722
0.3,0.6,10.47273832,12.628309056162834,0.5329979325322722
0.3,0.6,8.152173976,12.628309056162834,0.5329979325322722
0.3,0.6,8.801026252,12.628309056162834,0.5329979325322722
0.3,0.6,9.693994234,12.628309056162834,0.5329979325322722
0.3,0.6,15.50454121,12.628309056162834,0.5329979325322722
0.3,0.6,12.97960116,12.628309056162834,0.5329979325322722
0.3,0.6,9.213904236,12.628309056162834,0.5329979325322722
0.3,0.6,9.374404966,12.628309056162834,0.5329979325322722
0.3,0.6,13.17206824,12.807498291134834,0.5247831037895923
0.3,0.6,10.65455538,12.807498291134834,0.5247831037895923
0.3,0.6,10.10577107,12.807498291134834,0.5247831037895923
0.3,0.6,9.849270723,12.807498291134834,0.5247831037895923
0.3,0.6,8.029405954,12.807498291134834,0.5247831037895923
0.3,0.6,12.04839047,12.807498291134834,0.5247831037895923
0.3,0.6,12.55746917,12.807498291134834,0.5247831037895923
0.3,0.6,7.96680271,12.807498291134834,0.5247831037895923
0.3,0.6,12.98338156,12.807498291134834,0.5247831037895923
0.3,0.6,9.858272405,12.807498291134834,0.5247831037895923
0.3,0.6,11.79019975,12.807498291134834,0.5247831037895923
0.3,0.6,10.37412701,12.807498291134834,0.5247831037895923
0.3,0.6,7.771561023,12.807498291134834,0.5247831037895923
0.3,0.6,10.42475634,12.807498291134834,0.5247831037895923
0.3,0.6,7.414276573,12.807498291134834,0.5247831037895923
0.3,0.6,9.077673954,12.807498291134834,0.5247831037895923
0.3,0.6,8.271577174,12.807498291134834,0.5247831037895923
0.3,0.6,14.05701947,12.807498291134834,0.5247831037895923
0.3,0.6,9.099359642,12.807498291134834,0.5247831037895923
0.3,0.6,10.91316045,12.807498291134834,0.5247831037895923
0.3,0.6,9.636969205,12.807498291134834,0.5247831037895923
0.3,0.6,7.708387559,12.807498291134834,0.5247831037895923
0.3,0.6,9.15738219,12.807498291134834,0.5247831037895923
0.3,0.6,8.18816942,12.807498291134834,0.5247831037895923
0.3,0.8,10.40471203,13.221969023346901,0.6930647709794682
0.3,0.8,10.71622948,13.221969023346901,0.6930647709794682
0.3,0.8,8.472573107,13.221969023346901,0.6930647709794682
0.3,0.8,10.76890914,13.221969023346901,0.6930647709794682
0.3,0.8,8.628637511,13.221969023346901,0.6930647709794682
0.3,0.8,8.110735175,13.221969023346901,0.6930647709794682
0.3,0.8,9.144077598,13.221969023346901,0.6930647709794682
0.3,0.8,8.779769341,13.221969023346901,0.6930647709794682
0.3,0.8,9.813412925,13.221969023346901,0.6930647709794682
0.3,0.8,8.794938234,13.221969023346901,0.6930647709794682
0.3,0.8,11.56295198,13.221969023346901,0.6930647709794682
0.3,0.8,7.847252463,13.221969023346901,0.6930647709794682
0.3,0.8,10.52224178,13.221969023346901,0.6930647709794682
0.3,0.8,10.8536117,13.221969023346901,0.6930647709794682
0.3,0.8,9.109799888,13.221969023346901,0.6930647709794682
0.3,0.8,8.838367212,13.221969023346901,0.6930647709794682
0.3,0.8,11.15011455,13.221969023346901,0.6930647709794682
0.3,0.8,9.616949959,13.221969023346901,0.6930647709794682
0.3,0.8,12.30497392,13.221969023346901,0.6930647709794682
0.3,0.8,8.589415626,13.221969023346901,0.6930647709794682
0.3,0.8,7.242355587,13.221969023346901,0.6930647709794682
0.3,0.8,10.23392131,13.221969023346901,0.6930647709794682
0.3,0.8,9.381116749,13.221969023346901,0.6930647709794682
0.3,0.8,13.0936206,13.221969023346901,0.6930647709794682
0.4,0.2,7.858991129,11.724783226847649,0.333472302540974
0.4,0.2,8.41589732,11.724783226847649,0.333472302540974
0.4,0.2,8.926406247,11.724783226847649,0.333472302540974
0.4,0.2,7.936690147,11.724783226847649,0.333472302540974
0.4,0.2,7.38425122,11.724783226847649,0.333472302540974
0.4,0.2,10.75055593,11.724783226847649,0.333472302540974
0.4,0.2,8.780995003,11.724783226847649,0.333472302540974
0.4,0.2,8.489368531,11.724783226847649,0.333472302540974
0.4,0.2,9.196704076,11.724783226847649,0.333472302540974
0.4,0.2,7.942647061,11.724783226847649,0.333472302540974
0.4,0.2,10.00454519,11.724783226847649,0.333472302540974
0.4,0.2,10.84778678,11.724783226847649,0.333472302540974
0.4,0.2,7.871339149,11.724783226847649,0.333472302540974
0.4,0.2,7.614985087,11.724783226847649,0.333472302540974
0.4,0.2,9.342811618,11.724783226847649,0.333472302540974
0.4,0.2,7.525246133,11.724783226847649,0.333472302540974
0.4,0.2,8.185197762,11.724783226847649,0.333472302540974
0.4,0.2,8.389644796,11.724783226847649,0.333472302540974
0.4,0.2,7.538059343,11.724783226847649,0.333472302540974
0.4,0.2,11.76709898,11.724783226847649,0.333472302540974
0.4,0.2,8.559359888,11.724783226847649,0.333472302540974
0.4,0.2,9.542814758,11.724783226847649,0.333472302540974
0.4,0.2,7.586037919,11.724783226847649,0.333472302540974
0.4,0.2,9.17009834,11.724783226847649,0.333472302540974
0.4,0.2,8.18121139,11.834705889225006,0.4173768798645829
0.4,0.2,8.259382345,11.834705889225006,0.4173768798645829
0.4,0.2,8.342537112,11.834705889225006,0.4173768798645829
0.4,0.2,10.62896272,11.834705889225006,0.4173768798645829
0.4,0.2,7.654695698,11.834705889225006,0.4173768798645829
0.4,0.2,9.186828544,11.834705889225006,0.4173768798645829
0.4,0.2,7.940831991,11.834705889225006,0.4173768798645829
0.4,0.2,10.04210673,11.834705889225006,0.4173768798645829
0.4,0.2,9.148155197,11.834705889225006,0.4173768798645829
0.4,0.2,7.988723433,11.834705889225006,0.4173768798645829
0.4,0.2,7.993832182,11.834705889225006,0.4173768798645829
0.4,0.2,8.975795283,11.834705889225006,0.4173768798645829
0.4,0.2,7.699814468,11.834705889225006,0.4173768798645829
0.4,0.2,10.38373828,11.834705889225006,0.4173768798645829
0.4,0.2,7.167166564,11.834705889225006,0.4173768798645829
0.4,0.2,8.183534288,11.834705889225006,0.4173768798645829
0.4,0.2,8.100608354,11.834705889225006,0.4173768798645829
0.4,0.2,10.76935827,11.834705889225006,0.4173768798645829
0.4,0.2,10.84440039,11.834705889225006,0.4173768798645829
0.4,0.2,8.564709583,11.834705889225006,0.4173768798645829
0.4,0.2,7.585924342,11.834705889225006,0.4173768798645829
0.4,0.2,7.656854171,11.834705889225006,0.4173768798645829
0.4,0.2,9.887405329,11.834705889225006,0.4173768798645829
0.4,0.2,7.570461844,11.834705889225006,0.4173768798645829
0.4,0.4,7.350918669,11.013479769229889,0.5276732393310891
0.4,0.4,7.788308661,11.013479769229889,0.5276732393310891
0.4,0.4,7.871806495,11.013479769229889,0.5276732393310891
0.4,0.4,9.530535792,11.013479769229889,0.5276732393310891
0.4,0.4,8.186708497,11.013479769229889,0.5276732393310891
0.4,0.4,8.26291867,11.013479769229889,0.5276732393310891
0.4,0.4,10.63914914,11.013479769229889,0.5276732393310891
0.4,0.4,7.054841686,11.013479769229889,0.5276732393310891
0.4,0.4,9.644534995,11.013479769229889,0.5276732393310891
0.4,0.4,8.021346235,11.013479769229889,0.5276732393310891
0.4,0.4,8.177038996,11.013479769229889,0.5276732393310891
0.4,0.4,7.286834957,11.013479769229889,0.5276732393310891
0.4,0.4,8.431159168,11.013479769229889,0.5276732393310891
0.4,0.4,7.828170689,11.013479769229889,0.5276732393310891
0.4,0.4,7.668896345,11.013479769229889,0.5276732393310891
0.4,0.4,7.982730754,11.013479769229889,0.5276732393310891
0.4,0.4,7.926899327,11.013479769229889,0.5276732393310891
0.4,0.4,7.967224168,11.013479769229889,0.5276732393310891
0.4,0.4,9.387225107,11.013479769229889,0.5276732393310891
0.4,0.4,9.256617344,11.013479769229889,0.5276732393310891
0.4,0.4,7.217147523,11.013479769229889,0.5276732393310891
0.4,0.4,8.801638923,11.013479769229889,0.5276732393310891
0.4,0.4,7.6764971,11.013479769229889,0.5276732393310891
0.4,0.4,7.660665544,11.013479769229889,0.5276732393310891
0.4,0.4,8.294852009,11.846131712198257,0.4282080460594275
0.4,0.4,10.58007046,11.846131712198257,0.4282080460594275
0.4,0.4,9.332798801,11.846131712198257,0.4282080460594275
0.4,0.4,7.775834136,11.846131712198257,0.4282080460594275
0.4,0.4,7.599114022,11.846131712198257,0.4282080460594275
0.4,0.4,8.88079813,11.846131712198257,0.4282080460594275
0.4,0.4,9.623888957,11.846131712198257,0.4282080460594275
0.4,0.4,8.109029787,11.846131712198257,0.4282080460594275
0.4,0.4,8.865854041,11.846131712198257,0.4282080460594275
0.4,0.4,8.983914657,11.846131712198257,0.4282080460594275
0.4,0.4,7.689060764,11.846131712198257,0.4282080460594275
0.4,0.4,10.55062254,11.846131712198257,0.4282080460594275
0.4,0.4,8.421399748,11.846131712198257,0.4282080460594275
0.4,0.4,7.792439796,11.846131712198257,0.4282080460594275
0.4,0.4,8.468013764,11.846131712198257,0.4282080460594275
0.4,0.4,8.654812638,11.846131712198257,0.4282080460594275
0.4,0.4,10.63058331,11.846131712198257,0.4282080460594275
0.4,0.4,8.664846087,11.846131712198257,0.4282080460594275
0.4,0.4,8.425678894,11.846131712198257,0.4282080460594275
0.4,0.4,9.527536254,11.846131712198257,0.4282080460594275
0.4,0.4,7.91021359,11.846131712198257,0.4282080460594275
0.4,0.4,7.680722788,11.846131712198257,0.4282080460594275
0.4,0.4,7.882941354,11.846131712198257,0.4282080460594275
0.4,0.4,10.0595008,11.846131712198257,0.4282080460594275
0.4,0.6,8.225331827,12.195515304803848,0.47374435296635387
0.4,0.6,8.753258247,12.195515304803848,0.47374435296635387
0.4,0.6,7.793464696,12.195515304803848,0.47374435296635387
0.4,0.6,7.720289558,12.195515304803848,0.47374435296635387
0.4,0.6,10.65039061,12.195515304803848,0.47374435296635387
0.4,0.6,8.008874066,12.195515304803848,0.47374435296635387
0.4,0.6,9.983569118,12.195515304803848,0.47374435296635387
0.4,0.6,7.912983162,12.195515304803848,0.47374435296635387
0.4,0.6,7.940806268,12.195515304803848,0.47374435296635387
0.4,0.6,9.88913647,12.195515304803848,0.47374435296635387
0.4,0.6,8.380435403,12.195515304803848,0.47374435296635387
0.4,0.6,9.216368968,12.195515304803848,0.47374435296635387
0.4,0.6,8.818732423,12.195515304803848,0.47374435296635387
0.4,0.6,9.412048729,12.195515304803848,0.47374435296635387
0.4,0.6,7.876622062,12.195515304803848,0.47374435296635387
0.4,0.6,8.338093842,12.195515304803848,0.47374435296635387
0.4,0.6,8.780372157,12.195515304803848,0.47374435296635387
0.4,0.6,8.088684166,12.195515304803848,0.47374435296635387
0.4,0.6,8.121444,12.195515304803848,0.47374435296635387
0.4,0.6,7.686095685,12.195515304803848,0.47374435296635387
0.4,0.6,9.686332585,12.195515304803848,0.47374435296635387
0.4,0.6,9.126678288,12.195515304803848,0.47374435296635387
0.4,0.6,8.866684655,12.195515304803848,0.47374435296635387
0.4,0.6,10.48859923,12.195515304803848,0.47374435296635387
0.4,0.6,8.000758404,12.43278507143259,0.5375109989709659
0.4,0.6,8.037590697,12.43278507143259,0.5375109989709659
0.4,0.6,7.790728473,12.43278507143259,0.5375109989709659
0.4,0.6,7.705132982,12.43278507143259,0.5375109989709659
0.4,0.6,7.948561845,12.43278507143259,0.5375109989709659
0.4,0.6,8.440675279,12.43278507143259,0.5375109989709659
0.4,0.6,8.351200242,12.43278507143259,0.5375109989709659
0.4,0.6,8.536954441,12.43278507143259,0.5375109989709659
0.4,0.6,9.757057021,12.43278507143259,0.5375109989709659
0.4,0.6,8.514491765,12.43278507143259,0.5375109989709659
0.4,0.6,7.003456182,12.43278507143259,0.5375109989709659
0.4,0.6,8.223034297,12.43278507143259,0.5375109989709659
0.4,0.6,9.591379465,12.43278507143259,0.5375109989709659
0.4,0.6,8.053671247,12.43278507143259,0.5375109989709659
0.4,0.6,8.529387065,12.43278507143259,0.5375109989709659
0.4,0.6,8.667888546,12.43278507143259,0.5375109989709659
0.4,0.6,10.41092993,12.43278507143259,0.5375109989709659
0.4,0.6,7.228573328,12.43278507143259,0.5375109989709659
0.4,0.6,7.254977171,12.43278507143259,0.5375109989709659
0.4,0.6,8.429995818,12.43278507143259,0.5375109989709659
0.4,0.6,7.866988018,12.43278507143259,0.5375109989709659
0.4,0.6,11.18412636,12.43278507143259,0.5375109989709659
0.4,0.6,7.467737242,12.43278507143259,0.5375109989709659
0.4,0.6,8.534595332,12.43278507143259,0.5375109989709659
0.4,0.8,10.29952231,11.65048561245203,0.8225357824718996
0.4,0.8,8.354983944,11.65048561245203,0.8225357824718996
0.4,0.8,8.499834708,11.65048561245203,0.8225357824718996
0.4,0.8,8.264341478,11.65048561245203,0.8225357824718996
0.4,0.8,8.406867983,11.65048561245203,0.8225357824718996
0.4,0.8,9.562742262,11.65048561245203,0.8225357824718996
0.4,0.8,12.20473705,11.65048561245203,0.8225357824718996
0.4,0.8,8.492531882,11.65048561245203,0.8225357824718996
0.4,0.8,7.876817678,11.65048561245203,0.8225357824718996
0.4,0.8,7.814070355,11.65048561245203,0.8225357824718996
0.4,0.8,10.22296739,11.65048561245203,0.8225357824718996
0.4,0.8,7.485254185,11.65048561245203,0.8225357824718996
0.4,0.8,9.59896378,11.65048561245203,0.8225357824718996
0.4,0.8,9.10757208,11.65048561245203,0.8225357824718996
0.4,0.8,7.448429157,11.65048561245203,0.8225357824718996
0.4,0.8,8.945206801,11.65048561245203,0.8225357824718996
0.4,0.8,9.461317053,11.65048561245203,0.8225357824718996
0.4,0.8,7.95982727,11.65048561245203,0.8225357824718996
0.4,0.8,9.486199915,11.65048561245203,0.8225357824718996
0.4,0.8,11.93256258,11.65048561245203,0.8225357824718996
0.4,0.8,7.475705457,11.65048561245203,0.8225357824718996
0.4,0.8,8.610088258,11.65048561245203,0.8225357824718996
0.4,0.8,9.472119951,11.65048561245203,0.8225357824718996
0.4,0.8,10.0208674,11.65048561245203,0.8225357824718996
0.4,0.8,10.4393929,12.803947761654854,0.6472189483855232
0.4,0.8,8.330639811,12.803947761654854,0.6472189483855232
0.4,0.8,7.228897419,12.803947761654854,0.6472189483855232
0.4,0.8,10.15842755,12.803947761654854,0.6472189483855232
0.4,0.8,12.63676194,12.803947761654854,0.6472189483855232
0.4,0.8,8.197855252,12.803947761654854,0.6472189483855232
0.4,0.8,8.535381616,12.803947761654854,0.6472189483855232
0.4,0.8,11.92124979,12.803947761654854,0.6472189483855232
0.4,0.8,10.07058534,12.803947761654854,0.6472189483855232
0.4,0.8,8.569799499,12.803947761654854,0.6472189483855232
0.4,0.8,9.723821031,12.803947761654854,0.6472189483855232
0.4,0.8,9.075677355,12.803947761654854,0.6472189483855232
0.4,0.8,9.314684959,12.803947761654854,0.6472189483855232
0.4,0.8,7.70268237,12.803947761654854,0.6472189483855232
0.4,0.8,9.587882893,12.803947761654854,0.6472189483855232
0.4,0.8,8.355507529,12.803947761654854,0.6472189483855232
0.4,0.8,7.671205908,12.803947761654854,0.6472189483855232
0.4,0.8,8.842283971,12.803947761654854,0.6472189483855232
0.4,0.8,8.028097716,12.803947761654854,0.6472189483855232
0.4,0.8,9.094708421,12.803947761654854,0.6472189483855232
0.4,0.8,7.295178861,12.803947761654854,0.6472189483855232
0.4,0.8,10.29282901,12.803947761654854,0.6472189483855232
0.4,0.8,7.663516982,12.803947761654854,0.6472189483855232
0.4,0.8,8.685676348,12.803947761654854,0.6472189483855232
0.6,0.2,7.266639713,9.600890547037125,0.44626472404604933
0.6,0.2,9.465752245,9.600890547037125,0.44626472404604933
0.6,0.2,7.661231711,9.600890547037125,0.44626472404604933
0.6,0.2,8.266415535,9.600890547037125,0.44626472404604933
0.6,0.2,8.370950962,9.600890547037125,0.44626472404604933
0.6,0.2,8.57775333,9.600890547037125,0.44626472404604933
0.6,0.2,7.476049732,9.600890547037125,0.44626472404604933
0.6,0.2,8.598929965,9.600890547037125,0.44626472404604933
0.6,0.2,7.028288741,9.600890547037125,0.44626472404604933
0.6,0.2,7.187561283,9.600890547037125,0.44626472404604933
0.6,0.2,7.098355351,9.600890547037125,0.44626472404604933
0.6,0.2,8.825400923,9.600890547037125,0.44626472404604933
0.6,0.2,7.541531107,9.600890547037125,0.44626472404604933
0.6,0.2,7.990815375,9.600890547037125,0.44626472404604933
0.6,0.2,6.910680411,9.600890547037125,0.44626472404604933
0.6,0.2,7.714726464,9.600890547037125,0.44626472404604933
0.6,0.2,7.072817019,9.600890547037125,0.44626472404604933
0.6,0.2,7.068654163,9.600890547037125,0.44626472404604933
0.6,0.2,7.347248939,9.600890547037125,0.44626472404604933
0.6,0.2,7.24148894,9.600890547037125,0.44626472404604933
0.6,0.2,6.905332743,9.600890547037125,0.44626472404604933
0.6,0.2,8.642163885,9.600890547037125,0.44626472404604933
0.6,0.2,9.908380147,9.600890547037125,0.44626472404604933
0.6,0.2,7.029303999,9.600890547037125,0.44626472404604933
0.6,0.4,7.471164395,10.93412110209465,0.5636738821964529
0.6,0.4,7.657750017,10.93412110209465,0.5636738821964529
0.6,0.4,7.768194914,10.93412110209465,0.5636738821964529
0.6,0.4,7.297102617,10.93412110209465,0.5636738821964529
0.6,0.4,7.365691869,10.93412110209465,0.5636738821964529
0.6,0.4,6.919367299,10.93412110209465,0.5636738821964529
0.6,0.4,10.77764092,10.93412110209465,0.5636738821964529
0.6,0.4,7.888046996,10.93412110209465,0.5636738821964529
0.6,0.4,7.136121089,10.93412110209465,0.5636738821964529
0.6,0.4,8.219982773,10.93412110209465,0.5636738821964529
0.6,0.4,6.957869087,10.93412110209465,0.5636738821964529
0.6,0.4,7.894849893,10.93412110209465,0.5636738821964529
0.6,0.4,7.597450758,10.93412110209465,0.5636738821964529
0.6,0.4,8.308964911,10.93412110209465,0.5636738821964529
0.6,0.4,8.620067564,10.93412110209465,0.5636738821964529
0.6,0.4,6.676294635,10.93412110209465,0.5636738821964529
0.6,0.4,7.447297769,10.93412110209465,0.5636738821964529
0.6,0.4,8.726454016,10.93412110209465,0.5636738821964529
0.6,0.4,7.330352475,10.93412110209465,0.5636738821964529
0.6,0.4,11.22906045,10.93412110209465,0.5636738821964529
0.6,0.4,7.71303796,10.93412110209465,0.5636738821964529
0.6,0.4,7.410825053,10.93412110209465,0.5636738821964529
0.6,0.4,7.566517094,10.93412110209465,0.5636738821964529
0.6,0.4,8.754561317,10.93412110209465,0.5636738821964529
0.6,0.6,8.84833707,11.018296226859093,0.589381276344857
0.6,0.6,7.453369916,11.018296226859093,0.589381276344857
0.6,0.6,7.2939315,11.018296226859093,0.589381276344857
0.6,0.6,8.358865684,11.018296226859093,0.589381276344857
0.6,0.6,7.792340606,11.018296226859093,0.589381276344857
0.6,0.6,7.205693648,11.018296226859093,0.589381276344857
0.6,0.6,8.886307705,11.018296226859093,0.589381276344857
0.6,0.6,8.835644104,11.018296226859093,0.589381276344857
0.6,0.6,7.161583941,11.018296226859093,0.589381276344857
0.6,0.6,8.483109087,11.018296226859093,0.589381276344857
0.6,0.6,6.493136395,11.018296226859093,0.589381276344857
0.6,0.6,7.402269614,11.018296226859093,0.589381276344857
0.6,0.6,7.714405039,11.018296226859093,0.589381276344857
0.6,0.6,7.24762183,11.018296226859093,0.589381276344857
0.6,0.6,6.890965404,11.018296226859093,0.589381276344857
0.6,0.6,7.368233385,11.018296226859093,0.589381276344857
0.6,0.6,8.609314789,11.018296226859093,0.589381276344857
0.6,0.6,8.569021461,11.018296226859093,0.589381276344857
0.6,0.6,7.077899429,11.018296226859093,0.589381276344857
0.6,0.6,9.187772153,11.018296226859093,0.589381276344857
0.6,0.6,10.43997551,11.018296226859093,0.589381276344857
0.6,0.6,9.335549516,11.018296226859093,0.589381276344857
0.6,0.6,8.110550713,11.018296226859093,0.589381276344857
0.6,0.6,7.255288754,11.018296226859093,0.589381276344857
0.6,0.6,8.337115272,11.18587550520897,0.6002377077343802
0.6,0.6,7.887261503,11.18587550520897,0.6002377077343802
0.6,0.6,7.26318227,11.18587550520897,0.6002377077343802
0.6,0.6,8.713438202,11.18587550520897,0.6002377077343802
0.6,0.6,8.786525674,11.18587550520897,0.6002377077343802
0.6,0.6,7.167973293,11.18587550520897,0.6002377077343802
0.6,0.6,10.5711523,11.18587550520897,0.6002377077343802
0.6,0.6,7.333776605,11.18587550520897,0.6002377077343802
0.6,0.6,8.78666888,11.18587550520897,0.6002377077343802
0.6,0.6,7.624733573,11.18587550520897,0.6002377077343802
0.6,0.6,7.854122126,11.18587550520897,0.6002377077343802
0.6,0.6,7.167484857,11.18587550520897,0.6002377077343802
0.6,0.6,9.105493426,11.18587550520897,0.6002377077343802
0.6,0.6,8.260527523,11.18587550520897,0.6002377077343802
0.6,0.6,8.324983827,11.18587550520897,0.6002377077343802
0.6,0.6,7.653476657,11.18587550520897,0.6002377077343802
0.6,0.6,7.532458528,11.18587550520897,0.6002377077343802
0.6,0.6,8.694871193,11.18587550520897,0.6002377077343802
0.6,0.6,7.630212888,11.18587550520897,0.6002377077343802
0.6,0.6,6.866493289,11.18587550520897,0.6002377077343802
0.6,0.6,9.847057414,11.18587550520897,0.6002377077343802
0.6,0.6,7.477521685,11.18587550520897,0.6002377077343802
0.6,0.6,7.998985437,11.18587550520897,0.6002377077343802
0.6,0.6,7.895496283,11.18587550520897,0.6002377077343802
0.6,0.6,8.011331249,10.781450688838959,0.6729757889206353
0.6,0.6,8.55043104,10.781450688838959,0.6729757889206353
0.6,0.6,7.4304308,10.781450688838959,0.6729757889206353
0.6,0.6,7.772909366,10.781450688838959,0.6729757889206353
0.6,0.6,7.645247108,10.781450688838959,0.6729757889206353
0.6,0.6,7.215593971,10.781450688838959,0.6729757889206353
0.6,0.6,7.856637904,10.781450688838959,0.6729757889206353
0.6,0.6,7.422254471,10.781450688838959,0.6729757889206353
0.6,0.6,7.049028459,10.781450688838959,0.6729757889206353
0.6,0.6,6.900095051,10.781450688838959,0.6729757889206353
0.6,0.6,8.517418875,10.781450688838959,0.6729757889206353
0.6,0.6,8.431094785,10.781450688838959,0.6729757889206353
0.6,0.6,7.219819877,10.781450688838959,0.6729757889206353
0.6,0.6,7.478480588,10.781450688838959,0.6729757889206353
0.6,0.6,8.388880455,10.781450688838959,0.6729757889206353
0.6,0.6,7.703857031,10.781450688838959,0.6729757889206353
0.6,0.6,8.256404707,10.781450688838959,0.6729757889206353
0.6,0.6,7.355705783,10.781450688838959,0.6729757889206353
0.6,0.6,8.366633844,10.781450688838959,0.6729757889206353
0.6,0.6,7.088999745,10.781450688838959,0.6729757889206353
0.6,0.6,7.641273192,10.781450688838959,0.6729757889206353
0.6,0.6,8.491791446,10.781450688838959,0.6729757889206353
0.6,0.6,7.078247609,10.781450688838959,0.6729757889206353
0.6,0.6,7.980036064,10.781450688838959,0.6729757889206353
0.8,0.2,7.651268671,8.639404103159904,0.6065633104805102
0.8,0.2,7.081522691,8.639404103159904,0.6065633104805102
0.8,0.2,7.22813358,8.639404103159904,0.6065633104805102
0.8,0.2,7.245812546,8.639404103159904,0.6065633104805102
0.8,0.2,8.143534845,8.639404103159904,0.6065633104805102
0.8,0.2,6.402799054,8.639404103159904,0.6065633104805102
0.8,0.2,9.100655747,8.639404103159904,0.6065633104805102
0.8,0.2,6.685805407,8.639404103159904,0.6065633104805102
0.8,0.2,7.201954079,8.639404103159904,0.6065633104805102
0.8,0.2,6.892473411,8.639404103159904,0.6065633104805102
0.8,0.2,6.869702036,8.639404103159904,0.6065633104805102
0.8,0.2,6.983901096,8.639404103159904,0.6065633104805102
0.8,0.2,8.261775978,8.639404103159904,0.6065633104805102
0.8,0.2,7.337881052,8.639404103159904,0.6065633104805102
0.8,0.2,7.343824748,8.639404103159904,0.6065633104805102
0.8,0.2,7.539272766,8.639404103159904,0.6065633104805102
0.8,0.2,6.987470362,8.639404103159904,0.6065633104805102
0.8,0.2,7.875810369,8.639404103159904,0.6065633104805102
0.8,0.2,7.452273479,8.639404103159904,0.6065633104805102
0.8,0.2,7.311084586,8.639404103159904,0.6065633104805102
0.8,0.2,7.803757933,8.639404103159904,0.6065633104805102
0.8,0.2,8.176496114,8.639404103159904,0.6065633104805102
0.8,0.2,7.052261747,8.639404103159904,0.6065633104805102
0.8,0.2,8.320101566,8.639404103159904,0.6065633104805102
0.8,0.2,7.627813038,9.10891392827034,0.5740549927369146
0.8,0.2,6.848110276,9.10891392827034,0.5740549927369146
0.8,0.2,7.448636815,9.10891392827034,0.5740549927369146
0.8,0.2,7.693799426,9.10891392827034,0.5740549927369146
0.8,0.2,7.473575052,9.10891392827034,0.5740549927369146
0.8,0.2,7.550141665,9.10891392827034,0.5740549927369146
0.8,0.2,7.043637097,9.10891392827034,0.5740549927369146
0.8,0.2,8.512446122,9.10891392827034,0.5740549927369146
0.8,0.2,7.000918289,9.10891392827034,0.5740549927369146
0.8,0.2,6.464695301,9.10891392827034,0.5740549927369146
0.8,0.2,7.949038004,9.10891392827034,0.5740549927369146
0.8,0.2,6.613737414,9.10891392827034,0.5740549927369146
0.8,0.2,7.309119115,9.10891392827034,0.5740549927369146
0.8,0.2,7.448766028,9.10891392827034,0.5740549927369146
0.8,0.2,7.217195988,9.10891392827034,0.5740549927369146
0.8,0.2,6.811026071,9.10891392827034,0.5740549927369146
0.8,0.2,6.307747257,9.10891392827034,0.5740549927369146
0.8,0.2,7.441374569,9.10891392827034,0.5740549927369146
0.8,0.2,7.486421371,9.10891392827034,0.5740549927369146
0.8,0.2,7.147754459,9.10891392827034,0.5740549927369146
0.8,0.2,7.385129482,9.10891392827034,0.5740549927369146
0.8,0.2,7.041051316,9.10891392827034,0.5740549927369146
0.8,0.2,7.410765278,9.10891392827034,0.5740549927369146
0.8,0.2,7.152140437,9.10891392827034,0.5740549927369146
0.8,0.2,7.638048343,8.463474452495575,0.5502603886148082
0.8,0.2,7.132931217,8.463474452495575,0.5502603886148082
0.8,0.2,6.998827286,8.463474452495575,0.5502603886148082
0.8,0.2,7.438499908,8.463474452495575,0.5502603886148082
0.8,0.2,6.855290724,8.463474452495575,0.5502603886148082
0.8,0.2,8.2295537,8.463474452495575,0.5502603886148082
0.8,0.2,6.653268674,8.463474452495575,0.5502603886148082
0.8,0.2,7.496205731,8.463474452495575,0.5502603886148082
0.8,0.2,7.898380586,8.463474452495575,0.5502603886148082
0.8,0.2,8.204318513,8.463474452495575,0.5502603886148082
0.8,0.2,7.299541664,8.463474452495575,0.5502603886148082
0.8,0.2,7.387004818,8.463474452495575,0.5502603886148082
0.8,0.2,6.766510518,8.463474452495575,0.5502603886148082
0.8,0.2,7.509517948,8.463474452495575,0.5502603886148082
0.8,0.2,6.982221568,8.463474452495575,0.5502603886148082
0.8,0.2,7.204163276,8.463474452495575,0.5502603886148082
0.8,0.2,8.149082057,8.463474452495575,0.5502603886148082
0.8,0.2,8.117711856,8.463474452495575,0.5502603886148082
0.8,0.2,7.24506371,8.463474452495575,0.5502603886148082
0.8,0.2,6.965561683,8.463474452495575,0.5502603886148082
0.8,0.2,7.221408876,8.463474452495575,0.5502603886148082
0.8,0.2,6.983629208,8.463474452495575,0.5502603886148082
0.8,0.2,7.740079249,8.463474452495575,0.5502603886148082
0.8,0.2,7.248306779,8.463474452495575,0.5502603886148082
0.8,0.2,7.430537594,8.684503197669983,0.5570322115812394
0.8,0.2,7.164879948,8.684503197669983,0.5570322115812394
0.8,0.2,7.316391851,8.684503197669983,0.5570322115812394
0.8,0.2,7.324088133,8.684503197669983,0.5570322115812394
0.8,0.2,7.476723762,8.684503197669983,0.5570322115812394
0.8,0.2,7.56585328,8.684503197669983,0.5570322115812394
0.8,0.2,7.221033095,8.684503197669983,0.5570322115812394
0.8,0.2,6.835551379,8.684503197669983,0.5570322115812394
0.8,0.2,8.244323197,8.684503197669983,0.5570322115812394
0.8,0.2,7.353506714,8.684503197669983,0.5570322115812394
0.8,0.2,7.121993353,8.684503197669983,0.5570322115812394
0.8,0.2,9.447759078,8.684503197669983,0.5570322115812394
0.8,0.2,9.154718259,8.684503197669983,0.5570322115812394
0.8,0.2,6.641169575,8.684503197669983,0.5570322115812394
0.8,0.2,7.287770732,8.684503197669983,0.5570322115812394
0.8,0.2,8.541847314,8.684503197669983,0.5570322115812394
0.8,0.2,7.855228093,8.684503197669983,0.5570322115812394
0.8,0.2,8.136165588,8.684503197669983,0.5570322115812394
0.8,0.2,7.225114965,8.684503197669983,0.5570322115812394
0.8,0.2,7.168720647,8.684503197669983,0.5570322115812394
0.8,0.2,7.006509844,8.684503197669983,0.5570322115812394
0.8,0.2,7.567322313,8.684503197669983,0.5570322115812394
0.8,0.2,7.12774591,8.684503197669983,0.5570322115812394
0.8,0.2,6.642192187,8.684503197669983,0.5570322115812394
0.8,0.6,6.592233149,9.413558155298233,0.5449203781217055
0.8,0.6,6.48009742,9.413558155298233,0.5449203781217055
0.8,0.6,7.069130072,9.413558155298233,0.5449203781217055
0.8,0.6,6.453710343,9.413558155298233,0.5449203781217055
0.8,0.6,7.901153562,9.413558155298233,0.5449203781217055
0.8,0.6,7.3059177,9.413558155298233,0.5449203781217055
0.8,0.6,6.802850226,9.413558155298233,0.5449203781217055
0.8,0.6,7.875108739,9.413558155298233,0.5449203781217055
0.8,0.6,7.555690908,9.413558155298233,0.5449203781217055
0.8,0.6,7.098537503,9.413558155298233,0.5449203781217055
0.8,0.6,7.256512214,9.413558155298233,0.5449203781217055
0.8,0.6,6.753618673,9.413558155298233,0.5449203781217055
0.8,0.6,7.260638097,9.413558155298233,0.5449203781217055
0.8,0.6,6.606954175,9.413558155298233,0.5449203781217055
0.8,0.6,8.912744892,9.413558155298233,0.5449203781217055
0.8,0.6,8.583226794,9.413558155298233,0.5449203781217055
0.8,0.6,9.222440808,9.413558155298233,0.5449203781217055
0.8,0.6,6.421486425,9.413558155298233,0.5449203781217055
0.8,0.6,7.109336828,9.413558155298233,0.5449203781217055
0.8,0.6,7.117294132,9.413558155298233,0.5449203781217055
0.8,0.6,7.368147683,9.413558155298233,0.5449203781217055
0.8,0.6,6.473092298,9.413558155298233,0.5449203781217055
0.8,0.6,7.654175668,9.413558155298233,0.5449203781217055
0.8,0.6,7.380373482,9.413558155298233,0.5449203781217055
0.8,0.8,7.677480589,10.147069349884987,0.6919293699766512
0.8,0.8,10.5398897,10.147069349884987,0.6919293699766512
0.8,0.8,7.551821542,10.147069349884987,0.6919293699766512
0.8,0.8,7.624800191,10.147069349884987,0.6919293699766512
0.8,0.8,7.361937249,10.147069349884987,0.6919293699766512
0.8,0.8,7.948878338,10.147069349884987,0.6919293699766512
0.8,0.8,7.214946488,10.147069349884987,0.6919293699766512
0.8,0.8,7.360001136,10.147069349884987,0.6919293699766512
0.8,0.8,6.785913897,10.147069349884987,0.6919293699766512
0.8,0.8,8.335568885,10.147069349884987,0.6919293699766512
0.8,0.8,7.54614295,10.147069349884987,0.6919293699766512
0.8,0.8,7.360799952,10.147069349884987,0.6919293699766512
0.8,0.8,7.154649884,10.147069349884987,0.6919293699766512
0.8,0.8,7.539885541,10.147069349884987,0.6919293699766512
0.8,0.8,7.24621055,10.147069349884987,0.6919293699766512
0.8,0.8,7.728019971,10.147069349884987,0.6919293699766512
0.8,0.8,7.769992736,10.147069349884987,0.6919293699766512
0.8,0.8,6.441602519,10.147069349884987,0.6919293699766512
0.8,0.8,9.843169621,10.147069349884987,0.6919293699766512
0.8,0.8,6.865857758,10.147069349884987,0.6919293699766512
0.8,0.8,7.554204073,10.147069349884987,0.6919293699766512
0.8,0.8,8.369137805,10.147069349884987,0.6919293699766512
0.8,0.8,7.003730841,10.147069349884987,0.6919293699766512
0.8,0.8,7.055076411,10.147069349884987,0.6919293699766512
