Comp,BID,rg_mean,rg_var,asph_mean,asph_var,acyl_mean,acyl_var,anis_mean,anis_var,UMAP_0,UMAP_1
0.1,0.8,16.166546315,6.812753518899323,148.27501267083332,4833.582020910648,64.32059252208333,744.9361166977183,0.33054838341666665,0.007616399342575342,10.516668,3.9843216
0.1,0.4,13.612772560000002,1.3962873534945714,96.15746523833333,656.1014349723577,43.66000145583333,93.38436301739604,0.310702645375,0.0023133562454890804,9.912952,3.224421
0.1,0.8,14.0836698575,2.8443937362897826,100.20384012375,1352.6218232479118,45.01339573333333,238.05477148715113,0.28216230866666664,0.004743108582669138,9.637127,3.0471988
0.1,0.8,14.959564927499999,9.216134003436217,121.53057968166667,6972.810959076991,53.54662683208333,918.9386771293422,0.27810626912499997,0.01674040426732371,11.408154,1.9148393
0.1,0.2,12.947785779999998,2.6945785568719884,83.76118502041666,1253.9752785575142,37.80834505208333,180.26175807162852,0.27635932879166664,0.007354168747018962,11.795531,2.0900257
0.1,0.6,16.056082049166665,6.83111772833967,161.39257815916667,4631.035715167097,67.55487443666667,654.6684126606715,0.38900327325,0.015180578314717785,11.160487,3.572893
0.1,0.8,16.979231541666667,7.879004099196531,170.54963812041666,4702.763013173057,73.3924787475,728.7368228154518,0.35505849833333336,0.008375042234389332,12.049811,2.9784143
0.15,0.6,11.617775568916665,1.8989283772507932,65.87071577708333,727.9109813734818,29.818172951666668,95.68778837747692,0.26751782941666663,0.009375218692183784,11.641136,3.855753
0.1,0.4,12.362841912208333,3.494286703254305,76.02543701625,1595.2931811216374,33.75851392208333,246.79485670735608,0.261185832375,0.010564534542737373,10.692359,3.18873
0.2,0.8,15.329791214125,12.292104902311506,166.07539980708333,8570.083885386714,62.72913212,960.6941934198161,0.4294709284166667,0.03385178683177343,11.876749,1.5427239
0.15,0.4,13.00934084875,3.0024624798530026,93.41327992666668,1464.5461592671013,40.926402885,217.15031976658128,0.3278738491666667,0.008368079950595322,9.597045,2.4291527
0.1,0.2,13.007143393416667,3.8470040983024036,92.44435826708333,1972.270559877186,40.259249204999996,265.25124547642275,0.310536408125,0.014168923415973336,10.57255,3.0122046
0.1,0.4,15.330106007083332,7.310662706957478,150.29296520041666,5029.733949651565,60.31230662041667,670.3653468249641,0.3973568462916666,0.015673617341160996,10.7198305,2.399156
0.3,0.8,9.886224699625,2.7569554971282253,48.9139371775,1032.2819169168981,22.000273014875003,156.61127076199594,0.263305661375,0.014260578997812506,9.351835,3.001785
0.25,0.8,10.724962709000001,4.46679648193888,56.67515719833333,1698.0182269024963,26.037269606250003,256.5380173958319,0.24615517429166667,0.011694418593396413,10.664637,3.9246528
0.1,0.2,12.787550826666667,1.431370603125931,83.30203048874999,790.8125279618225,37.51664437083333,107.74934791576199,0.29465162595833333,0.006855658781334691,9.616761,2.5206156
0.2,0.8,11.244109197208333,2.353460505421528,69.60618711666667,769.5628990272631,29.269180635374997,121.80847392169693,0.3254810987916667,0.01013763226836155,11.652266,2.0158713
0.1,0.2,13.453601007000001,5.5677627623665,98.5002316825,2712.91349385367,44.056452795000006,407.78847255220296,0.30361173812500003,0.01170655789682296,10.994935,2.5816286
0.2,0.8,13.160166975041667,13.053982339131812,112.52536024041666,7578.9268601469985,46.82078188291666,1041.6782793516372,0.3381291555833333,0.03541576744800262,11.804208,2.614803
0.1,0.6,16.0839209425,6.326607325304906,149.3568953425,3368.118675893406,65.41636101833333,573.5143504338007,0.35167357204166666,0.006249519609254155,11.827945,1.8779079
0.2,0.6,11.265678114958334,4.177228380403418,64.3101288875,1377.5907178794364,29.048950605416668,236.34381761175055,0.26401204083333335,0.010080163164533444,9.741179,1.3393313
0.2,0.8,11.46444322675,2.761593802229895,69.81772236625,896.8325605397221,30.204597145416667,150.5065409485813,0.30340424545833333,0.007446361752038298,10.332757,3.8934646
0.2,0.8,13.165791793666665,10.102469957963068,101.65916221375,5478.137763345534,43.94912114416667,854.2841467901432,0.309606679125,0.02058449054445277,10.91092,4.3368816
0.1,0.8,13.819942092916667,3.396798182851468,100.15545135125001,1779.0056517443945,44.226457394166665,291.8763504551409,0.29662160758333334,0.007757233614153641,11.051552,2.8093293
0.1,0.6,13.095320772916667,4.007872826528274,98.73049359583332,2242.287773933996,41.363979656666665,303.02929218478477,0.34209376566666666,0.013648365727241863,11.130091,3.40925
0.15,0.2,10.617749315208334,1.5396690122194208,51.48011799291667,601.1417766105607,24.13794627375,75.2541219696668,0.23846388804166666,0.00909199933376519,11.94605,3.8970199
0.1,0.2,14.182533388333333,5.2588726652653675,120.28332009041667,3264.456929685524,50.70757290666666,460.6973785340484,0.3601818900416667,0.013285991552176038,10.3172245,2.8992171
0.2,0.2,9.762201726875,1.012682687953497,42.28215367,278.2165980691513,19.6101861275,37.96370845733439,0.230988930625,0.008200042856757047,9.939763,2.8999872
0.15,0.4,13.404838116958333,5.6539319822510565,106.82380429208332,3279.932697648944,45.422886221249996,443.17347060781043,0.35402579975000004,0.013775569504730936,10.6863365,1.9464595
0.2,0.4,10.62340753,2.141945653252751,57.02594567208333,792.7746847593713,25.482909682916667,115.68446058355258,0.2789412157916667,0.012931093688421158,9.958691,3.2296488
0.2,0.6,11.06805758975,3.6653627627072862,66.71864133458332,1337.5166480367789,29.361116581666664,189.53794268640792,0.30467653008333334,0.01536053852540888,10.042494,2.9356334
0.15,0.4,11.949217263291667,4.634791849202695,79.89037764166666,2340.7619115846937,34.6249107525,307.0351538146201,0.31461541666666665,0.017126479376444764,10.794,2.363646
0.2,0.2,10.610702611333332,1.3451171049454251,53.966886126249996,437.9986726990964,24.68841814125,59.765912108349674,0.26172299775,0.007595113633004994,9.852638,2.2555375
0.15,0.2,10.8434280945,1.6103347958931642,54.4265992725,621.6582426755051,25.27104321375,77.9526047193035,0.24393931145833334,0.009933386647144575,10.284424,3.4969842
0.1,0.4,14.681884474041667,7.775529611592842,126.11411198458335,4644.406380516547,54.21722255291667,644.0454851941623,0.33827103754166665,0.011363921811992101,11.345254,2.576686
0.15,0.2,11.363288845916665,4.9408829349160746,69.05957642666667,2371.1619299156237,30.181963935,332.10556434330056,0.27822709208333335,0.017418721483606753,11.696545,2.361999
0.15,0.4,11.81890957675,3.3980983072325412,72.71519510374999,1189.5658802457092,32.4283691775,244.46155965574061,0.29664455083333335,0.006058157063783662,10.710145,3.082968
0.2,0.4,11.832810527874999,6.069372375528578,84.05486238583333,2976.34550496753,35.9085855675,401.66500157421297,0.33865981195833333,0.025743861269434277,9.324599,2.6996675
0.15,0.2,12.445271606708333,2.914363169311678,87.69958287583334,1357.5280304813296,36.988361363749995,173.1662003884526,0.3384007790833334,0.010472329163510131,10.285975,3.339772
0.4,0.6,8.397078797916667,0.9776572023077342,31.999846315833334,282.3045677236284,14.623917209250001,39.95440977363083,0.23386851225000002,0.011931141432686558,10.628964,1.927207
0.15,0.2,11.449749074916667,1.8156711483593293,62.18144994875001,553.1590552977692,29.11309384875,79.17753137924532,0.259203343875,0.004739892441277502,11.718252,2.2700891
0.25,0.2,9.992629382541667,1.6732876546493152,50.26145320125,570.9033533309569,22.2286329575,65.12236350607864,0.278505176875,0.012446149644286185,10.280374,3.0177593
0.25,0.4,10.153120426833334,3.1082433523753124,50.9515383175,927.6641087779687,23.383519830625,158.01408354756217,0.2566172707916667,0.011786248507430184,10.617655,3.7464495
0.15,0.6,11.979338719458333,2.2252720206789602,75.07333697874999,1062.3441255325606,32.75955123125,134.54151751487794,0.29742824608333335,0.011489658439161122,11.218803,3.522599
0.25,0.8,11.457730287458332,5.443947210357143,78.86687334666667,2347.409451877117,32.857704667875,347.81750921587246,0.34718921583333334,0.019989041899351998,10.965006,3.3357477
0.2,0.2,10.423281994625,1.7311756500607212,51.95111887583334,555.5752122535199,23.963129769166667,80.53182829479327,0.25680246179166666,0.007529163647382273,11.232348,1.5847512
0.3,0.4,9.633717859583333,2.6361600781619945,47.351653892083334,713.6017363204977,20.806804577791667,102.33696977270712,0.269956418625,0.017626883671202024,11.660476,1.8557879
0.3,0.4,9.335472861458333,1.366166419828998,43.21200781833334,408.73837864480623,19.105606110125,48.318319225408736,0.2715909745833333,0.011729710393205528,10.783634,2.248482
0.4,0.6,8.816771028291667,1.5035008489765425,37.643396522083336,455.3146705665571,17.538553272708334,66.65599306648173,0.26012695233333333,0.012465320878649938,9.835843,1.2877237
0.3,0.4,9.426130393916667,1.4588428206497297,41.037223956249996,331.43444816271233,19.187252831791668,57.11879363382327,0.245440126625,0.009919082605231843,11.126785,2.7064238
0.3,0.6,10.204567876666667,1.416523945783341,55.0229332925,414.0011917016823,24.63237088304167,57.734397396574124,0.31624350254166667,0.010462161710162902,11.29073,2.086618
0.8,0.8,7.382751235541666,0.6928575249725807,21.447253320583332,232.50315209304645,10.727869159791666,27.231093890212584,0.186442638625,0.01546824649076147,-10.175117,6.570811
0.1,0.2,13.842256360291666,7.655327858599754,110.56684876375,3695.5656382959423,47.63829809916667,558.7903738471803,0.325193438,0.012259045628432039,11.614666,2.7939286
0.15,0.2,12.576084668791665,3.067629596481836,92.03217267625,1297.9143821573944,38.98988954875,206.8576052643937,0.35860175220833335,0.00959309325694654,10.00568,2.6120946
0.6,0.6,7.743858475833334,0.28491427995720836,23.946101723166667,84.5219391467921,12.140249628791667,11.849154183787675,0.20124889941666668,0.009054773055924028,-9.65442,6.077928
0.4,0.4,8.260567800041667,0.7611301295829364,29.423026588333332,202.34129531302855,13.714230586125,23.598226344705605,0.216604993125,0.010129124751170391,11.630201,1.5387316
0.2,0.4,11.211407577791666,3.3457704301887743,68.71554849041667,1306.194957941788,30.273416157499998,189.20868152494617,0.31178929145833334,0.012317261704020914,10.41623,1.9830618
0.2,0.2,10.817512134708332,2.0051828845089976,58.285693375,681.516198444326,26.031779906249998,96.41389766191908,0.276802728,0.007476517836518135,10.47453,3.2821486
0.15,0.4,11.881856292125,3.8960981522668288,78.2515272525,1813.555960554882,33.84566999,250.9768893867824,0.31303727595833336,0.016059370190848687,10.375234,3.1106095
0.3,0.4,9.901330017125,1.6460818682221339,48.69245392291666,491.56275793265814,22.04821707404167,67.4173774930008,0.2759687385833333,0.012332259391080526,10.620377,2.8584964
0.4,0.4,8.4746307125,1.0495378557292445,33.0223053375,333.6355040310438,14.948046315833333,41.54715548330723,0.24201334541666666,0.02087520876819603,10.704213,1.2132823
0.15,0.6,11.793755213416667,4.10919507582672,72.93303132999999,1572.132746216998,32.43918427875,259.24159995746504,0.28438085812499997,0.010847517275210184,9.660238,3.2655208
0.25,0.4,10.107702011708334,2.0651091278589893,51.555324320000004,783.5593805029392,23.01259205291667,104.75650645172776,0.275793072625,0.013610657471498531,11.607056,2.8791223
0.2,0.4,10.750764316041668,2.3266798247037825,58.57465506916666,837.4883000500821,26.85516577458333,123.66385693378562,0.282372013875,0.010774242229410808,11.069646,2.621761
0.15,0.2,11.865896730041667,2.5753826324362707,71.30219688916667,866.9866217571246,32.3539843975,138.24134801367575,0.28264096141666667,0.0074561456788596716,12.178272,3.168322
0.25,0.6,9.8028812025,2.277441869700403,45.86558450416666,656.4342852629997,21.072714657125,99.39314781235623,0.24774377433333336,0.012370369785903144,11.44814,2.8725064
0.2,0.6,11.302820304791666,3.40236261483876,68.43197037208333,1451.0679184380026,30.62161652125,206.2377593360145,0.29842002166666665,0.014215061694793992,11.522347,3.8032615
0.8,0.8,7.445278551541667,0.2972772282182465,22.081134773749998,84.05650137471761,11.444988390041667,9.307802082534012,0.19898258208333333,0.008346160736216171,-9.758293,6.0070148
0.1,0.2,12.761108458333332,2.0228119626722405,85.31533906666667,1075.4116274219061,37.7694098175,133.16985493368324,0.306676719125,0.009413835510673273,11.799596,3.2020664
0.15,0.4,11.961929261875,1.1718058623773602,75.48948183458333,391.0749469770928,33.31172607041667,55.52833916601652,0.32032800133333333,0.004870747070069483,9.277355,2.3593583
0.3,0.6,10.197409507541666,2.169548587249718,57.91222174208334,854.5832745037586,24.727852842083333,100.83113777204872,0.32628570579166666,0.0185932634524907,10.766803,3.7177129
0.4,0.2,8.597992537166666,1.1791336556258205,33.5990382175,362.1630146686476,15.565783225750002,47.70306248346383,0.23634487008333335,0.015181040962740526,12.490796,2.4263484
0.25,0.6,10.115446806416665,3.3866066133861366,51.95729408875,1068.1653969965064,24.000375502958335,190.5430550537184,0.26826594566666667,0.012729577666655438,11.664071,3.427568
0.3,0.6,9.649136894166666,1.7125893057827155,44.32167831458333,540.3161685469148,20.451203796833333,75.21948036064963,0.2510587747083333,0.01001111664752338,12.134128,4.089971
0.2,0.2,10.755236483875,1.177871097249828,58.04774148958333,472.61255968208326,25.956229383333334,64.46055452803273,0.28743866795833334,0.009422302597117406,11.734577,3.1792893
0.2,0.4,10.83226596075,1.826301592968451,57.9305341575,687.090426225241,26.41315474275,96.31813257695376,0.27204044241666664,0.010297591420523554,11.543879,1.6998881
0.3,0.2,9.059048832791666,1.0954499077500384,36.17318597166667,310.4580549811822,17.031953004375,39.47270591720123,0.2235798925,0.009441262880994249,11.9112015,3.2872646
0.25,0.2,10.030720859208333,2.1632361740546133,50.22684612916667,762.2092999262213,22.88268573666667,109.39823499843178,0.269623762125,0.013948218169189805,11.491384,3.5440354
0.6,0.4,7.773561403374999,0.21184822233807615,26.240497153166668,73.36032005886028,12.427135780708333,6.376017862864122,0.23322789879166664,0.00872275362387948,-9.51466,6.4082456
0.15,0.2,10.922809699708333,0.983255241032064,55.64033719166667,339.2386667201136,25.44755984041667,43.273992658043724,0.254402646375,0.006195421199754974,10.436506,2.4162538
0.3,0.2,9.366598258041668,0.9428564949387193,42.12839228291667,316.63833331533147,18.791109302041665,34.90439190966402,0.26489974604166666,0.011612453154897801,11.316968,3.0891097
0.25,0.2,10.09814288,1.508743325397316,49.66629613958333,527.9447128889987,22.48394938375,64.95531780355824,0.26569147158333334,0.010554553259040932,10.35079,2.3889952
0.6,0.4,7.811394483375,0.6786125539486919,26.95610613575,225.29196563876627,12.868713491958333,25.214493842918085,0.22982389574999998,0.014139464416177683,-9.987982,7.5281057
0.25,0.8,11.17964883375,5.25792919693243,71.58887027583333,2279.282021118215,29.869164310958336,306.58796660050996,0.310643196625,0.02537369124189549,10.236865,4.2136145
0.8,0.8,7.389471247375,0.4491045002244465,21.60765663691667,134.78070829760784,10.65709956875,17.202598469449665,0.19134561491666666,0.013528420281834213,-9.853444,7.0806427
0.15,0.4,12.067639110833333,3.000931452591715,76.2256644325,1056.0905943086589,34.66829014208333,184.97688120637523,0.29948868825,0.005816169245243979,10.8474655,4.4464116
0.4,0.4,8.234158949375,0.783783266753204,27.957744995583337,179.2470419374615,13.163014134374999,31.8845805049566,0.201503613625,0.009226275786498624,10.887256,3.584897
0.15,0.2,11.494544672375,3.5481866008157117,69.66348220541666,1694.6824188533435,30.939750962083334,221.64381968707204,0.28785288029166667,0.018592500692606217,10.396302,2.7808022
0.25,0.2,9.598424178375,1.0937020098694397,42.65855069958334,323.4827045925477,19.90264291975,49.07631074675667,0.24958798920833333,0.010605153635233707,11.493348,2.4064853
0.4,0.4,8.129487478,0.6800346400631304,27.20353122825,225.2287935522858,13.004786648416667,23.429007907172302,0.2041619382083333,0.014323349367304464,11.230336,3.0073407
0.4,0.2,8.250181313333334,0.6429417720423437,27.16405578475,163.88580987070773,13.397756268708333,27.91406567420619,0.1918149205,0.007441380586628644,9.795348,2.0131502
0.3,0.6,9.994092540583333,2.8564254451775066,52.39409921083333,1064.481587378589,23.36562017458333,160.8406695878025,0.28876881220833334,0.017193909366476107,11.13615,2.0034769
0.2,0.2,10.700879437041666,1.6901502145992826,57.067818226250004,661.1608893304066,26.14823311875,94.64111565674266,0.27744469408333333,0.011165116285529459,10.954852,1.9737102
0.4,0.2,8.62925691925,0.879074368092234,32.55925871666667,277.0288150303722,15.224294958291667,39.45094496660908,0.22387458233333335,0.01321618662960514,11.611515,3.15543
0.25,0.2,9.858484013208333,1.0789596083340296,45.3238166175,277.91499423001835,20.881872020583334,41.394340219768836,0.252277384,0.006196470613839797,10.191776,2.8154373
0.3,0.2,9.497214429375001,1.4812901277269908,42.68666075875,469.0161117556357,19.122945927583334,58.30710930176116,0.24808346070833331,0.009999335922533383,9.323793,2.5381103
0.4,0.2,8.330685215708334,0.5127854794367742,29.517993252916668,176.73013989142157,14.162448858333333,20.986808139780504,0.22017138904166667,0.012329412135986728,10.797733,2.4606662
0.2,0.4,12.311211225500001,6.451491614486523,92.68353980166667,2875.9630067455846,39.23409622458333,403.6860521589839,0.3507279406666666,0.024897688123661076,11.361895,2.3257813
0.25,0.6,9.986274977875,1.518455765246328,49.87613628291666,551.9597233928292,22.054819479083335,69.00032886203032,0.27745480958333335,0.013098370355039158,9.852412,2.811393
0.8,0.6,7.457551928708334,0.5430299691854807,23.927076395249998,137.80471408893558,11.32930243875,17.883441800790028,0.22000848583333332,0.012011101922555206,-9.716529,6.8148756
0.1,0.2,12.994858585875,2.2290055523709587,86.04429367708333,894.5729125456972,39.1763139325,118.08396760998735,0.2942864825,0.007115189197044017,10.867726,1.9455024
0.25,0.4,9.87255351275,1.065786520728785,47.056485405833335,336.9346807908319,21.347570705833334,50.79836796524612,0.26673531545833334,0.008455676330303313,9.811776,3.347061
0.3,0.4,9.1462515435,1.208523228297946,37.390072063750004,323.0981217757317,17.052076599958333,36.98277449787595,0.226918961375,0.01014808927892166,11.296607,1.6623154
0.4,0.6,8.558237220416666,0.7291292149453276,32.7566775675,203.46621584468775,15.276307346541666,21.531305497252,0.23924225779166666,0.012701236178609574,9.939537,4.107842
0.4,0.8,9.025970013625,1.041971954420867,41.83605418333333,312.94625419222956,18.137179612083333,34.776455128464434,0.29566027408333334,0.014363360380031276,12.130669,3.2549686
0.4,0.8,8.364381917041667,1.1205992797953133,30.47147223916667,301.15766864554445,14.593087830833333,44.78303285746006,0.217930471,0.010987692545204274,10.76268,4.3072076
0.1,0.4,13.279560712916668,3.36174563696063,95.49613361458334,1405.4175325108124,41.961893117500004,230.25979830660586,0.3189105150416667,0.0065292520572311835,10.309586,2.4464393
0.2,0.4,10.322007020041667,1.5906551634173707,51.325067993333334,418.28115862712167,23.12101321375,64.58424856431938,0.2639082389583333,0.006904599120321748,10.931236,1.5731977
0.2,0.2,11.048437221208333,2.0853597097918812,60.70931557083333,630.082961489641,28.098025952083333,118.45895022866453,0.2787983424583333,0.007266867894633714,12.453395,2.351923
0.25,0.2,10.366553267166667,1.19812353787263,55.37660618375,485.377389487917,24.505339952499998,52.7298025426992,0.3006380570833333,0.010769225569825094,11.11835,3.0580983
0.25,0.4,9.880151099833332,1.9934879937480237,49.49488685041666,636.0818046160348,22.034688949916667,94.85866893110212,0.2790563082083333,0.009555302647045556,11.141414,2.4757047
0.25,0.2,9.532902448458334,0.8905913465955358,38.38857386583333,197.2148529849455,18.601564989625,37.17310507290009,0.216134311625,0.005561554892339967,11.229951,3.1919065
0.4,0.4,8.483558544666666,0.9866355676002353,32.52828357125,273.4618370531725,15.104848430916666,40.9465292594897,0.23584814408333332,0.012972377416160967,10.229481,3.43615
0.2,0.2,10.47230731575,1.5594275691084583,50.38125007166667,406.10989756140066,23.779171805833332,67.04495898423515,0.24303417879166667,0.006246040643706728,10.084653,2.3814309
0.3,0.4,9.40834190125,1.0855173944721752,42.216213727083336,330.4432302519032,19.7356541925,55.891604200166014,0.26319805225,0.00769298367521831,10.866724,1.5129821
0.4,0.4,8.493979969458334,0.6358912826364469,33.090345795833336,234.17959785437665,15.109437647124999,27.221596361210235,0.25006031854166666,0.014793487666964495,10.585899,2.2719908
0.3,0.4,9.999209572875001,2.9865418187607435,55.446909227499994,785.8830862284929,23.817426654166667,132.87782202369584,0.32457062124999997,0.008746030959360615,12.34198,2.4049244
0.25,0.4,10.234874247208333,1.7852108178969333,54.18811198583333,700.154327490992,23.921887098333332,93.36039853908643,0.29350861070833334,0.01720160003987318,11.053606,1.6896461
0.6,0.6,8.098660795375,0.8237977426034134,33.77256438933333,314.327273373203,14.353484797083333,33.63769361546968,0.30212875145833334,0.02731573912489731,-9.934357,6.3744183
0.6,0.2,7.559222486833334,0.2707531855024576,24.087205307916665,97.87767541074513,10.999439937375,8.747788432176732,0.21654329158333332,0.01169062670978689,-9.692858,6.618132
0.1,0.4,13.651188373333333,4.987845943561046,94.93614204625,2412.4167600141127,43.715523570833334,393.26785530628655,0.27567554375,0.005265998590944998,11.970512,2.8519397
0.4,0.6,8.544129314291666,1.3181197104405464,32.65735567875,396.06377057311477,15.533204729,50.00883888905005,0.22604020645833334,0.014044653250957348,11.193709,4.398988
0.6,0.8,8.081932634458333,0.9987052648398257,32.54816237558333,269.1791013695611,13.981944344083333,36.98135275908302,0.28025410345833335,0.017554181447777848,-10.357083,6.7885275
0.6,0.2,7.695048157541667,0.3649534135256845,23.927592615916666,98.82998200919336,11.531667291666666,15.685649858171525,0.20095133579166666,0.009707370695647118,-9.517875,6.196374
0.8,0.4,7.508104082666667,0.35475691432645595,24.211267037916667,112.74750944982367,11.655958358083334,12.623801500021012,0.22377401858333335,0.012026445412420008,-9.459448,6.7456484
0.3,0.4,9.554333426416667,2.335149631610687,46.441706034166664,786.8234986688345,20.503092900583333,119.66724976620843,0.27379346495833334,0.0131685074355794,12.094615,2.7887368
0.4,0.2,8.734480516958333,1.3688329123705392,36.8025928175,435.72839197281206,16.499547929166667,55.993874349827,0.25625148079166665,0.01636180808575885,9.354817,2.557641
0.8,0.6,7.586051906958333,0.704553413577164,26.502292309083334,217.01255863373154,12.049419873708333,23.934505154459508,0.244867014,0.019071738945752714,-9.678218,6.5720468
0.8,0.2,7.535714450458333,0.5057540222154863,25.463005875000004,180.15446006616025,11.545405083958334,21.51955715206235,0.23695737016666665,0.01857369118277667,-9.768429,6.809978
0.25,0.6,10.147346272041666,2.3683824235260396,52.28604775916667,610.5726478742507,23.20752921916667,92.28353109637024,0.28081741758333334,0.010587794900093095,10.788092,3.3948646
0.8,0.6,7.587595039416667,0.27656904415191486,24.910854756666666,95.901284726875,11.832200236583333,10.550010670028751,0.2308919847083333,0.011985432870961097,-9.960343,6.9351487
0.8,0.2,7.7644237775416665,0.5983517148800798,27.49347569558333,174.5453909282555,12.7417249545,23.769430518154007,0.24366135141666667,0.016229765202459768,-10.137267,7.340845
0.8,0.2,7.3902136621666665,0.21758753153563087,22.407338579166666,66.97432971552188,10.470675988166667,7.552366499458516,0.20479341041666665,0.008565662562420116,-10.129628,7.203071
0.3,0.8,9.711972558791667,2.5337223381950102,46.48374875,549.7396985106953,20.67022113725,81.64359676784444,0.26262945020833334,0.010179443780713664,12.320236,3.0739565
0.15,0.8,13.096713605416667,4.714005679918063,91.46719608833332,2672.546654096305,39.83951056666667,361.96199120630405,0.29188936895833334,0.009327981942385826,10.063028,4.2541223
0.15,0.8,13.527950137875001,4.773993719587581,107.85307743541667,1965.4589750001592,44.900329019999994,350.3651352966398,0.3588228190416667,0.007016376956841066,12.071045,1.9015167
0.4,0.8,9.292798187166666,2.261582772504077,44.8170948025,774.8171625558699,19.397198471625,101.43799030992083,0.27907433825,0.017886369560155553,9.644117,1.5287634
0.2,0.8,12.080611136500002,4.747024443837184,80.13750201208333,1684.905321936063,33.99250551833333,248.08601458574688,0.3005309942916667,0.010558816636689727,11.511042,1.203689
0.15,0.6,12.46492931625,4.492609900963916,87.77673684083334,1894.7739154132337,38.265394172916665,309.11047104140385,0.326600193625,0.013265360044840514,10.209658,1.4485302
0.1,0.6,13.007616472499999,3.6052896597676893,91.80175217958333,1637.4310022782288,39.17743284416667,234.5481188882556,0.31002543558333334,0.007770952419864182,9.684326,2.1556613
0.3,0.8,10.69661473825,3.3625810014504474,65.31491818625,1098.320863471376,27.11149635616667,167.75106483356723,0.331131579625,0.013242092641623125,10.270405,1.2037609
0.2,0.6,10.690383260750002,2.722448138734815,56.774109375416664,880.6606074756288,26.278758805833334,174.94636300361836,0.26888949525,0.00923859820999366,9.611159,3.69344
0.25,0.4,9.511489800125,0.7283874963296214,41.0056537825,291.96002379795596,19.04803603004167,32.869905762349944,0.2434044565,0.010436690706111883,11.920114,2.731106
0.25,0.8,11.309215795875,7.716122765466599,77.50968511458333,3754.9878280527,31.679342132625,486.0311405504623,0.313601539,0.027715631263987007,10.372712,1.2847326
0.15,0.6,11.248085709791667,2.237944598506847,67.04391242833333,792.1319616273794,29.120052810416666,124.9850669207746,0.3060952177083333,0.008580567922987423,10.046842,1.966899
0.3,0.8,10.019585012583333,2.4407585766493303,51.63360083125,775.4882086684134,22.692168947,114.15060531190252,0.2811812932916667,0.01121706349042226,10.203554,3.969675
0.2,0.8,11.642784957958334,3.5322851119460763,72.68087789375001,1445.2298475197506,30.945186996666667,203.36449029160028,0.29632106175,0.013713288345701668,9.751344,2.6238015
0.25,0.6,10.180751297166667,1.6523989627046003,50.7018562375,496.4193050836871,23.201120794583332,74.37798231964216,0.270252754875,0.008793403783699342,9.8638315,3.7330573
0.2,0.8,11.993197831166666,4.43581076688169,74.35813612708334,1902.3623334427257,32.66720136791667,255.16804625337187,0.27208885445833336,0.011838412298384542,11.678593,2.1450045
0.25,0.4,10.430404240916667,2.536438042937365,56.37265465666667,1042.579690350401,24.530959724958333,132.2013588877116,0.28796668258333336,0.012772894791445529,12.173083,2.674571
0.2,0.2,10.865621234583335,1.9417787756366252,60.263386681250005,894.2239227466262,26.50678389625,103.14880612612785,0.2833924405416667,0.013423119952805417,11.302404,2.5380974
0.15,0.6,10.65689545175,1.7199857975933415,53.94145272875,550.3198566588234,24.64027057583333,71.09920366918847,0.2540241497083333,0.006388129540649964,11.761742,3.6408958
0.25,0.2,9.861779694,0.9724134457514552,46.256386498750004,237.87892671934998,20.990531658749997,36.76486618176694,0.26314781204166665,0.004194039905287291,12.014444,2.1327035
0.1,0.6,14.356940253458333,6.752183803516225,122.03799674166667,3528.0428663283938,51.928814375,502.20351773875154,0.3482032589583333,0.012353377797134062,10.821116,2.2307854
0.25,0.4,9.464738936958334,0.7930160181237188,41.40451153083333,284.6759446351174,19.033873522666667,39.3929847933747,0.25236029741666666,0.011194970697126163,11.025862,3.8582425
0.4,0.8,8.9355556315,0.9480854161296314,35.922919728749996,181.80981096525417,16.578032703,28.743909124063027,0.23654724333333332,0.0066383627195604296,11.706902,1.1803405
0.8,0.4,7.368284858416668,0.4531764789748067,23.275822271,162.79506655396636,11.030422471083334,14.52510100313945,0.22099185866666668,0.018730484916615768,-9.793109,6.522564
0.4,0.8,8.6835993125,0.7968788546492926,33.97912125208333,175.3488843975535,15.317314405708332,26.567913778825435,0.23895825437499998,0.00945235862947854,9.559795,2.8284216
0.3,0.4,9.462914311125,1.6231358130617708,45.478987814166665,542.7651528532373,19.998009044125002,66.07188520297056,0.2828498240833333,0.013499726117337851,9.742843,3.4468343
0.2,0.6,10.767974012666668,2.305977288787669,56.71831573208333,910.4448784081308,25.836098517083332,107.64591508841573,0.26313214045833333,0.011565501355670065,11.18353,3.6807544
0.25,0.6,10.132297478708333,2.820419595532556,52.84896399875,809.1577502108089,23.303687191875,129.21198291789054,0.2807561164166667,0.01332515645275987,9.977171,1.539052
0.15,0.8,15.773675369583335,6.2628290847975014,154.04122365166668,4838.291257469414,64.36951900958333,645.7740950755717,0.38130604425000003,0.01817956433592244,9.180934,3.1505551
0.2,0.4,10.380319718666668,2.6119459508284124,52.93523884791667,734.3453654029751,23.741704763749997,104.01104244518856,0.26135721608333334,0.009633242926623192,11.00361,3.2902405
0.15,0.6,12.471711919166665,3.1764673396981062,82.92809626416667,1445.6355532725938,37.14144501333333,200.67235076000324,0.30940695195833334,0.007583906418025198,11.520595,3.999559
0.3,0.6,9.57738830775,3.1450779563505495,44.4809768175,1117.2526989244232,20.535983392416664,172.90987158133973,0.24104489645833335,0.012943967094323832,12.074216,2.7058816
0.6,0.4,7.747844641083333,0.5202416496221077,25.081130417083333,134.68455710889953,12.586577829500001,17.9143556475449,0.21257450975,0.011744524412976031,-9.875851,6.476665
0.4,0.6,8.671535995166666,1.1334032056426524,36.143353957500004,314.474873363511,16.398540960166667,45.60155512746976,0.2622662612916667,0.014447042021422614,9.896338,1.8050984
0.15,0.4,12.168975353541667,3.150659374466394,78.26271113291666,1254.2417110064234,34.30455037625,172.22359970847728,0.29816322075,0.009769865582874659,11.702595,3.6003006
0.6,0.2,7.726161155875,0.8302133768075366,24.20754749475,250.0012659844923,11.704824463083334,32.897826878243315,0.19461599375000002,0.017720573068337103,-9.208141,6.469229
0.8,0.4,7.537845734125,0.3462391570687257,24.713411827083334,112.60971622186314,11.44506795175,13.749870853298274,0.228654929125,0.013446975777326422,-9.214854,6.7444434
0.6,0.2,7.617553754666667,0.33926568055117057,24.010059381,130.21838200443233,11.767105256166666,12.645837608379187,0.21315735075,0.013936727615178977,-9.204289,7.1142025
0.4,0.2,8.43219489475,0.7631557168155433,30.304456639999998,227.39061611654444,13.83712139925,29.012214107434534,0.2104953751666667,0.010626020928883977,9.684666,1.9745984
0.6,0.2,7.573440449166667,0.6500924268369122,22.092390203583335,181.16891069763756,10.628402071041666,25.951475063445866,0.18031993495833332,0.015818768029585106,-9.993804,6.5619845
0.8,0.2,7.579611924000001,0.48867443188251675,24.988371287916667,167.0837453280237,12.175181750666667,17.042763553846232,0.22978659275,0.01644977215218701,-9.964837,7.3954544
0.6,0.4,7.661584296083333,0.35179471707056786,24.299916723916667,92.53502046607133,11.686877287500002,13.949231310587999,0.20989933108333333,0.010121583258646073,-10.39777,6.0092387
0.25,0.8,11.039338532,4.6677609690617,64.98285140791667,1550.6679192642282,28.711837496875003,228.621619961456,0.289627095125,0.012698975691137074,11.174804,4.0735836
0.4,0.6,8.609793214791667,1.1668165263776602,35.39241924625,349.54857888766526,15.821543518124999,41.43616588010037,0.2535932263333333,0.016115883909787763,9.236413,3.4427707
0.6,0.8,7.703045885375,0.5544521729788666,24.96298720733333,125.90872250193422,11.99200044725,17.10046443212582,0.21133163716666667,0.009080464512191154,-10.064734,6.1969256
0.4,0.6,8.740220675625,0.7971075766401059,36.24277093791667,259.9466954235527,16.384548494666667,26.881520992710715,0.2603873469583333,0.012487594864957511,10.358854,2.0226948
0.3,0.6,10.216222314791667,2.7960660835187894,56.229930945,750.7216674578921,24.989619333208335,120.2879105119481,0.30800030633333336,0.014087367272093069,12.03755,3.6638825
0.6,0.6,7.539041361791667,0.34179595509095706,22.396715535958336,103.53817550024449,10.674208591625002,12.912814571219613,0.18956227174999998,0.010525935199983637,-10.024308,7.156773
0.8,0.8,7.4465307352500005,0.4146644313388869,23.878183006,126.62273270192942,11.227557804291665,12.057702661697117,0.2220659015416667,0.01297099830201633,-9.970939,6.0421824
0.8,0.6,7.6475647769999995,0.6439407446741603,26.721635835833336,199.3112472521398,12.365991101708333,21.75877523894429,0.24299567054166668,0.019066675989136875,-10.466915,6.7134786
0.4,0.8,8.930968540958334,2.861984058101102,39.110731190416665,957.7181690833551,17.745398219875,164.28574710678726,0.24786711674999998,0.015685081878470872,9.057367,3.4106011
0.8,0.8,7.332168219,0.307997000472063,22.654744096166667,77.92518852843894,10.770010916375,12.601599342992413,0.21686398345833333,0.00965805505922478,-10.390217,7.0690937
0.25,0.6,10.084221931,1.799471798850256,53.29064756916667,613.6182986735756,23.090906013333335,76.40563141243078,0.29973556575,0.012723037027195983,10.227309,3.503568
0.6,0.6,8.115875529375,0.7839058346618453,31.077082417333333,224.8982650880024,14.188987523875,28.653151306633962,0.2581448668333333,0.01426073433689406,-9.148404,6.9357376
0.8,0.4,7.300898252916667,0.5380007458466426,21.47163271975,160.5167836750726,10.479485031083334,19.78491766000091,0.194152920125,0.01584693635569978,-9.381011,6.8042817
0.3,0.8,10.321520761166667,2.0748198885902496,50.50509283541667,739.900184374415,23.75801828375,103.20731069432536,0.24958072904166664,0.010581392614876107,10.984395,1.9104731
0.4,0.6,8.635858664791668,0.8837655361110236,34.61616188666667,219.41776944536466,15.664130827083333,32.958980112322614,0.25097720116666666,0.010942847542345913,11.431129,1.1371198
0.8,0.4,7.752862812375,0.45993871078054205,27.72832981025,140.57384256758718,13.138065937208333,11.498938665073151,0.2556265600416667,0.013539071014965565,-10.254445,6.39442
0.4,0.6,8.455874644666666,1.0661573760471885,30.783059191666666,182.25405712189212,14.675609059458333,35.09352163362577,0.21772395775,0.007474625114248109,11.26203,4.494609
0.25,0.6,9.675950658583334,1.5006209476520298,46.56772878208333,405.63521892783865,20.919395065041666,62.64149625549119,0.27803817270833336,0.009639347544666669,10.792833,2.7903879
0.6,0.2,7.817769580625,0.569585338481281,27.664644568750003,191.16176938926864,12.679048749333333,21.61406688313711,0.24109501175,0.016609192022315915,-9.492777,7.28808
0.6,0.4,8.038916846625,0.8414273395053514,29.726515692916667,223.03094305330703,13.281340509333333,25.089978185929375,0.24580406316666667,0.016216436202673924,-10.321485,6.3458714
0.8,0.2,7.266043327916667,0.22643842103772005,20.698318784166666,63.991730601198995,9.90990541275,10.724678971120124,0.19128599345833333,0.008933368797539708,-10.329724,6.8773074
0.6,0.4,7.782131028208333,0.2877261936487839,26.699763663333332,80.12887670064873,12.193643774791667,10.18319388407343,0.23694265145833335,0.009844360452931555,-9.481475,6.4945836
0.3,0.6,9.874801933916666,2.2203024821764834,52.92495892125,754.1758428730657,22.98442440958333,102.32521180515688,0.31301142541666666,0.015528632788340326,9.545416,2.219687
0.4,0.8,9.811919672583334,2.312084728912987,51.53861239541666,664.1381326994872,22.296019279666666,92.02038914393219,0.30487781704166667,0.013387717408089915,10.448903,4.320778
0.6,0.8,8.078225418041667,1.1759421335456401,30.790809769583333,327.3723000359963,14.004023309958333,36.29096736480815,0.24794223854166667,0.018275421092192035,-10.309463,5.9202
0.8,0.4,7.5173249181666675,0.7777571330594775,24.3107181595,221.70029304204397,11.693673608625,31.47741860452563,0.21948248658333333,0.01797464489973887,-9.617396,6.4914355
0.6,0.4,7.971937603250001,0.7030553049860352,30.06779740083333,201.7964510098236,13.666680598583334,24.06590165446601,0.259550138875,0.015115543514495641,-10.096902,7.2318606
0.6,0.6,7.877955224166667,0.5357137578500009,27.71485819791667,150.39019786944303,13.157963428458332,19.705254241346573,0.23906786254166668,0.012241339931009398,-10.736061,7.030532
0.6,0.8,7.9779211315000005,0.33290784004617163,27.448864125833335,92.35017686071919,13.256566764666667,12.181217293291727,0.22866392037500002,0.008589333403913723,-9.553943,7.302869
0.6,0.2,7.69069839175,0.3469060096201167,24.7042425225,108.16143905346452,12.095611178208335,11.50580557531573,0.21423701854166666,0.010462299343743611,-9.676085,6.901267
0.8,0.8,7.451102646333333,0.5953169258803834,24.71319381625,166.11879562069277,11.365500801333333,22.752849880104378,0.23164309137500003,0.016552740224125295,-9.377194,7.20591
0.6,0.8,7.794531374875,0.49776719873346725,26.052841127083337,132.5074181245272,12.656973702875,13.711834972033799,0.2216294774583333,0.011666492389110926,-9.701435,5.9757175
0.8,0.8,7.562670066125,0.44311106024832014,24.88079844625,134.65664906041627,11.849118851166667,15.065305422030317,0.22745689662500002,0.013569080008274942,-9.950914,7.1601295
0.3,0.8,11.649568539708334,6.012708137183359,78.00412209833333,2259.689528204935,33.393455222916664,347.8414462997948,0.31821415783333334,0.018069690870324277,11.321887,4.478385
0.6,0.4,7.987124994375001,1.1188972326499405,29.53305112625,313.308394664197,13.7843103275,36.57537612230733,0.24062461108333333,0.016822448767629963,-10.23122,7.1974945
0.8,0.2,7.42587395575,0.6786511475056037,23.307871634916665,203.34116237382358,10.606900643791667,24.048167689347796,0.2076471158333333,0.01900502513356316,-10.260908,6.4545593
0.8,0.6,7.521210448000001,0.5231727264975327,24.903251909583332,170.72115640341704,12.17014676875,19.681055182715664,0.23171976966666666,0.014968317353091254,-9.296559,7.3334265
0.8,0.2,7.704709161166666,0.3546964748129321,27.70636453708333,131.90873205461025,12.539839898791667,14.453269070182891,0.26102836349999997,0.016356589425374803,-10.044318,6.1387763
0.6,0.8,7.845774673375,0.6809846357988335,27.13300015791667,200.28840394665716,13.016674062541666,21.241430817265115,0.23013220833333334,0.014370686500870521,-10.383376,6.840011
0.3,0.8,10.599598176666666,2.0950519228125875,61.213834561249996,796.9366876172402,26.074851448333334,100.68227277703731,0.3189372925833333,0.013924679869960389,10.431727,1.8871051
0.8,0.6,7.4069481337916665,0.3362245867570797,23.035428929416668,60.94938356766991,10.937095985416667,12.384223522159989,0.21614264979166667,0.006740448501188406,-9.723711,7.036562
0.8,0.8,7.6616549427916665,0.8147844361895066,27.575171821500003,277.47153271612314,12.389188958375,30.419930349551834,0.24955060825,0.018995499938489438,-10.499905,6.6230493
0.8,0.4,7.586003636416667,0.24496988391057026,25.500091745833334,102.22927572598537,12.136398881958334,8.71281163518962,0.24403464475,0.014220359335517695,-10.673678,6.894729
0.8,0.2,7.3836596525000004,0.2472661472957999,20.937390658083334,77.9224474996264,11.150325971333332,11.75849172379433,0.187635264125,0.008668140276781488,-10.1283245,5.9795904
0.8,0.4,7.33472158575,0.3860329765798652,21.10570589825,103.45630124631259,10.622131810499999,12.92492124252984,0.18872527541666664,0.010822115321327664,-9.733449,6.123302
0.8,0.4,7.217350319083334,0.3612122223824326,20.144383066583334,108.28782772574489,10.065556039375,11.523092596104265,0.18451365383333332,0.012985691462616867,-9.149722,6.7222934
0.6,0.8,7.658839473166666,0.4177541836341911,24.066781977083334,139.24261504035994,11.313159223541668,15.16568387238099,0.20692010095833333,0.014460941730073106,-10.036887,5.9311366
0.8,0.6,7.32258186675,0.24434143625400892,21.906076114583332,69.15420091651745,10.811524120583334,6.848123045575623,0.20585758595833334,0.008081471482033736,-10.544336,6.392415
0.8,0.8,7.3370902622916665,0.2400780371338071,22.655932455,82.11422815184855,10.407984695666666,10.80109049349482,0.21706787433333333,0.012108692077098459,-9.485814,7.434913
